id,name,val,lat,lon
20330,JIEH,1314500,33.6672222,35.4272222
20928,KALININGRAD MILL,1314700,54.706493,20.510951
19352,INDRAPRASTHA,1315500,28.63576013,77.22444534
29846,MUNCHEN SUD,1320000,48.11408903,11.55573169
41886,SKAWINA,1320000,49.975669,19.801072
12686,ESBJERG,1320000,55.45520109,8.458381765
51278,ZHENHAI REFINERY,1320700,29.878186,121.549453
38789,SAKMARSKAYA,1321200,51.7727,55.0988
1420,AMUR-1,1322200,50.226111,136.899444
15408,GOLDENBERG,1322200,50.8609593,6.843463159
40730,SEVERSTAL WORKS,1324000,59.1333333,37.9
16174,GUARACACHI,1324200,-17.8,-63.1666667
9067,COLLINSVILLE,1324300,-20.55,147.85
1685,ANTA,1324500,25.1,76.5166667
64928,JIAOZUO THERMAL,1325200,35.2397222,113.2330556
8489,CHIVASSO,1325800,45.183333,7.883333
331,AES IRONWOOD LLC,1327300,40.3509,-76.3658
51930,JIAOZUO ALUMINUM-2,1328200,35.2397222,113.2330556
34785,PISTICCI,1329400,40.390617,16.556787
48420,VITRY,1330000,48.78,2.39
3070,BALTI,1330000,59.352966,28.12583
37578,RIVERSIDE (4940),1330300,35.9978,-95.9567
7088,CARBON,1331600,39.7272,-110.8644
6322,BURLINGTON (1104),1332300,40.7412,-91.1168
15439,GOMEL-2,1334900,52.438255,30.982274
40959,SHEIKHUPURA,1335500,31.713056,73.978333
1469,ANCLOTE,1336600,28.1844,-82.7887
31385,NIZHNEKAMSK-2,1337900,55.636571,51.824474
25861,LOS MEDANOS ENERGY CENTER,1338900,38.03,-121.8708
43720,SUNBURY GENERATION LP,1339100,40.8361,-76.825
31800,NOVO-STERLITAMAK,1340100,53.624619,55.950148
39819,SARANSK-2,1340700,54.1838,45.1749
33471,PALO SECO,1341300,18.4663338,-66.1057217
61146,SANANDAJ CC,1343200,35.3144,46.9923
51330,YONGCHANG,1345200,38.2833333,102.1166667
24966,LEONEL BRIZOLA,1347800,-22.90277778,-43.2075
37212,RHODE ISLAND STATE ENERGY PARTNERS,1349200,41.8017,-71.5186
10332,DAWUKOU,1349500,39.2333333,106.7694444
3401,BARRANCO DE TIRAJANA,1350000,29.00093404,-13.61300468
44744,TAVAZZANO,1350000,45.335278,9.4275
25417,LITTLE BARFORD,1350000,52.204806,-0.267359
30106,NAANTALI,1350000,60.458965,22.054516
43695,SUN BA FENG DER,1350600,24.71664,120.904141
71997,OYSTER CREEK UNIT VIII,1351700,28.9455,-95.3149
36155,PYONGYANG,1354700,39.03385284,125.7543182
71512,AES THAMES,1354700,41.4282,-72.1005
29953,MURORAN WORKS (NSC),1356700,42.3172222,140.9880556
19335,INDIANTOWN COGENERATION LP,1356900,27.0393,-80.5144
41008,SHENZHEN QIANWAN,1357000,22.528478,113.911602
71694,PPG POWERHOUSE C,1358200,30.2242,-93.2831
13155,FARIDABAD NTPC,1359600,28.4333333,77.3166667
23637,LA CASELLA,1360000,45.090278,9.480278
35069,POINT ACONI,1361700,46.3225,-60.3039
56956,NANHAI FOSHAN-2,1363300,23.0219255,113.1427765
42773,SRIRACHA IPT,1363500,13.173722,100.931111
1804,APATITY TET,1368300,67.564142,33.4031
9428,CORPUS CHRISTI ENERGY CENTER,1369800,27.8139,-97.4283
17546,HERMISTON GENERATING PLANT,1371100,45.8042,-119.37
23109,KRISTIINA,1371400,62.27429243,21.3759613
4581,HIGGINS GENERATING STATION,1372700,35.6139,-115.3561
62917,YULIN YINHE,1374100,39.950075,113.956632
40630,SEROVSKAYA,1374100,59.603337,60.5787
29783,MUKAH COAL,1374500,2.9,112.1
53857,SINOPEC FUJIAN R&P,1374700,24.9138889,118.5858333
15669,GRANADILLA,1375300,28.118816,-16.575989
7324,CASSANO D'ADDA,1378800,45.46426938,9.189505577
44208,TAIER,1379300,38.4091667,112.7333333
32602,ONETA ENERGY CENTER,1379600,36.0119,-95.6967
10290,DATTELN,1380000,51.62928121,7.33067972
50179,WUHAI HAIBOWAN,1381400,39.664722,106.812222
21613,KAYAMKULAM,1381900,9.490037793,76.32639885
327,AES HAWAII,1382200,21.3033,-158.1064
16963,HARQUAHALA GENERATING PROJECT,1382500,33.4759,-113.1133
33476,PALOMAR ENERGY,1384700,33.1192,-117.118
36554,RAMON LAGUNA,1385000,10.6316667,-71.6405556
20204,JEGURUPADU,1385000,16.9333333,82.2166667
35497,PORTOVESME,1386800,39.2047222,8.3788889
31819,NOVOSIBIRSK-2,1388100,55.0415,82.9346
3250,BAOTOU WORKS,1389700,40.6522222,109.8222222
21962,KHANOM,1392400,9.204722,99.861139
88,ABADAN KGMC,1393900,30.3392,48.3043
45898,TORANGALLU WORKS,1396600,15.15,76.9333333
16182,GUARDO,1397200,42.826109,-4.846262
50034,WOLFSBURG NORD,1398100,52.4333333,10.8
188,ACECA,1399600,39.95,-3.85
35754,PRETORIA WEST,1401500,-25.75442,28.161252
1560,ANGLESEA,1402300,-38.4166667,144.1666667
59063,JOSEFA CAMEJO,1403800,11.695598,-70.199574
58453,JIANGSU SHEYANG,1404300,31.965899,121.420508
48862,WANFANG-2,1404300,33.113115,113.226806
58132,SUQIAN,1404300,33.9491667,118.2958333
33931,MIDULLA GENERATING STATION,1407500,27.6417,-81.9625
13730,FORE RIVER GENERATING STATION,1411300,42.2417,-70.9653
47654,VALLEY (4042),1411800,43.0303,-87.9233
21758,KEMEROVO GRES,1415700,55.3333333,86.0833333
2386,ASTORIA ENERGY,1415800,40.7825,-73.8964
12331,E B HARRIS ELECTRIC GENERATING PLANT,1416900,32.3814,-86.5736
37795,RODENHUIZE,1417200,51.126542,3.768805
72129,ODESSA ECTOR GENERATING STATION,1417500,31.8378,-102.3278
19936,JACK COUNTY,1417700,33.101,-97.9574
3363,BARNAUL-3,1417800,53.360556,83.763611
46991,ULYANOVSK TETS-1,1418200,54.3333333,48.4
72146,INGLESIDE COGENERATION,1419600,27.8827,-97.2429
42642,SPARANISE,1420000,41.176944,14.101667
22124,KILROOT,1420000,54.7258,-5.7661
28281,NYUGAWA REBUILD,1420700,33.9216667,133.0883333
12069,EL ENCINO,1421800,28.19013491,-105.4701233
50022,"WOLF HOLLOW I, L.P.",1422200,32.3347,-97.7344
25903,LOST PINES 1 POWER PROJECT,1422600,30.1478,-97.27
18687,HUANGJIAOZHUANG,1422700,28.766667,104.623832
50373,XINZHONGYI,1426700,35.3088889,113.8672222
39317,SAN NICOLAS,1430000,-34.60502491,-58.37606907
50035,WOLFSBURG WEST,1430000,52.4415319,10.76507857
49123,WEDEL,1430000,53.56645804,9.725653553
36451,RAICHIKHINSK,1431000,49.7838,129.4121
48442,VLADIMIR-2,1431100,56.136547,40.396576
23357,KURGANSK-1,1431700,52.304,36.1185
23044,KRASNODAR,1434400,45.0488,38.9725
48689,WAGERUP ALINTA,1435000,-32.9166667,115.8833333
38229,RUIMING,1435000,23.1166667,113.25
3362,BARNAUL-2,1435400,53.360556,83.763611
16719,HAMM-UENTROP,1437000,51.68032582,7.820892334
38836,SALEM HARBOR,1439100,42.5267,-70.8792
72102,EL DORADO ENERGY,1439200,35.7867,-114.9928
14984,GERSTEINWERK,1440000,51.67338156,7.707977812
22933,KOTLAS MILL,1440300,61.31433,47.169136
10403,DECATUR ENERGY CENTER,1440800,34.6292,-87.0214
43307,STOCKEN,1441600,52.37051627,9.733221531
36241,QUANG NINH,1441900,20.9511111,107.08
27916,MEIRAMA,1442200,43.07653696,-8.409004211
38441,SAARBRUCKEN,1444300,49.2333333,7
164,ABU SULTAN,1444500,30.604272,32.272252
2034,ARKAGALA,1444600,63.0494444,147.1858333
21940,KHABAROVSK-1,1445100,50.226111,136.899444
22748,KONDAPALLI,1445200,16.6166667,80.5333333
70494,JOLIET 9,1446100,41.4931,-88.1153
9499,COSUMNES,1447500,38.3461,-121.1217
20930,KALININGRAD TETS-2,1447600,54.706493,20.510951
38600,SAHAND,1449700,37.3404,46.0561
12286,ELK HILLS POWER LLC,1450000,35.2803,-119.311
37619,RIYADH CITY-09-F,1451400,24.68773227,46.72184944
31523,NORGENER,1456500,-22.09198,-70.19792
13144,FARAS,1456800,27.458889,46.864444
34704,PINJARRA WORKS,1458200,-32.6333333,115.8833333
37273,RICHMOND (7805),1458300,34.8422,-79.7444
7523,CEDAR BAY GENERATING COMPANY LP,1459700,30.4219,-81.6079
34965,PLOMIN,1460000,45.1366667,14.1811111
50360,XINHUISHUANG,1461000,22.455995,113.048197
2243,ASBURY,1461500,37.3596,-94.5913
50701,YIYAN,1462100,35.5427778,118.455
20041,JAMES RIVER POWER STATION,1463800,37.1086,-93.2592
49323,WEST COUNTY ENERGY CENTER,1464200,26.6986,-80.3747
63360,LINGZHOU-2,1465200,38.0983333,106.3294444
10097,DALIAN TAISHAN,1465200,38.9122222,121.6022222
14060,FREESTONE POWER GENERATION LP,1465900,31.8907,-96.1128
29047,MONCALIERI,1470000,44.994722,7.676389
45989,TORVISCOSA,1470000,45.816944,13.289722
10091,DALHOUSIE,1470300,48.0519,-66.3702
72501,HOBBS GENERATING STATION,1472900,32.7145,-103.3016
27724,MCCLAIN ENERGY FACILITY,1472900,35.2979,-97.5896
59529,SINOPEC YANGZI,1476800,32.0616667,118.7777778
72160,PLAQUEMINE COGENERATION PLANT,1477200,30.3215,-91.2392
40995,SHENYANG PUH,1479200,41.7922222,123.4327778
47292,URQUHART,1479400,33.435,-81.9111
45410,TIEFSTACK ERSATZ,1480000,53.52606672,10.06549983
21668,KEADBY POWER,1480000,53.594454,-0.750457
25465,LIUZHOU,1482700,24.312582,109.389157
17548,HERMISTON POWER PARTNERSHIP,1484500,45.7931,-119.3117
11163,DORMAGEN RWE,1490000,51.08001594,6.827090823
28082,PSEG MERCER GENERATING STATION,1491800,40.1797,-74.7325
42570,TVA SOUTHAVEN COMBINED CYCLE,1492500,34.9939,-90.039
38786,SAKHALIN GRES,1493100,49.2166667,143.1166667
50688,YIMA,1494000,34.7380556,111.8838889
351,AFAM-VI,1495600,4.777423,7.013404
2039,ARKHANGELSK PULP MILL,1495700,64.422867,40.805346
6696,CALEDONIA,1496300,33.6464,-88.2717
10448,DEERHAVEN GENERATING STATION,1498200,29.7586,-82.3883
30225,NAIE,1498300,43.4183333,141.8877778
35121,POLK,1500100,27.7286,-81.9897
31799,NOVO-SALAVAT,1504700,53.38365,55.907729
29983,MUSCATINE PLANT #1,1504800,41.3917,-91.0569
43789,SUNRISE POWER LLC,1506000,35.2097,-119.585
58985,MINJIANG,1506100,32.4039455,103.7178395
42909,SEVERNAYA,1506600,61.1666667,29.3833333
36026,PULAU SAKRA,1509600,1.3341667,103.7227778
22458,KLINGENBERG,1510000,52.49003031,13.49598008
18071,HOHHOT FENGTAI,1512300,40.8105556,111.6522222
47625,VALLADOLID-3,1512900,20.68811834,-88.19935799
19564,IRKUTSK-09,1515300,52.536667,103.886389
38768,SAKAIDE,1515400,34.3166667,133.85
65931,NANYANG PUGUANG,1517500,32.9947222,112.5327778
24452,LANSING,1521800,43.3359,-91.1672
35397,PORT OF SPAIN,1522200,10.66617495,-61.51657104
23337,KUQA (KUCHE),1526100,41.1230556,80.2644444
57710,XINJIANG TULUFAN,1526100,42.9333333,89.1666667
45050,TERMOBARRANQUILLA,1527800,10.9638889,-74.7963889
58338,KRASNOYARSK-2,1528700,56.0097222,92.7916667
34724,PIOMBINO ENEL,1530000,42.941389,10.543889
45363,TIANDONG,1532700,23.126576,107.093693
71038,NEARMAN CREEK,1535400,39.1714,-94.6958
66192,AKESU,1537700,41.1230556,80.2644444
28298,MICHOUD,1539400,30.0081,-89.9372
22399,KLADNO,1540000,50.15341667,14.12850556
2040,ARKHANGELSK-1,1542100,64.546794,40.546762
16162,GUANGZHOU REFINERY,1542500,22.7211183,113.3375065
38174,RS COGEN,1543500,30.221,-93.2826
33575,PANKI,1544000,26.4666667,80.2166667
7106,CARDON GENEVAPCA,1544700,11.6580556,-70.215
50178,WUGANG,1545500,38.1452778,115.6841667
5808,BRINDISI MONTEDISON,1560000,40.643056,17.980833
28460,MILFORD POWER PROJECT,1563200,41.2239,-73.1
18747,PSEG HUDSON GENERATING STATION,1567600,40.7478,-74.0719
9536,COTTONWOOD ENERGY PROJECT,1570600,30.2588,-93.7353
25433,LITTLE GYPSY,1572800,30.0033,-90.4611
7939,CHANNELVIEW COGENERATION PLANT,1573600,29.8356,-95.1242
4271,BETHLEHEM ENERGY CENTER,1575000,42.5905,-73.7636
42332,SON DONG,1576900,21.4166667,106.6166667
20796,KAIFENG-1,1577000,34.7911111,114.3483333
38362,RYE HOUSE-II,1580000,51.761615,0.0087766
50350,XINGNING,1580200,24.144552,115.717307
16898,HARDUAGANJ,1583100,27.95,78.1666667
20336,JIJEL,1585400,36.82055379,5.766706467
31804,NOVOCHEBOKSARSKAYA,1588900,56.110947,47.47755
1376,AMMAN EAST,1589300,31.892896,36.078066
2696,AYOUN MOUSSA,1589400,29.973714,32.526267
24008,LADA,1590700,43.30750477,-5.690917969
37773,ROCKY MOUNTAIN ENERGY CENTER,1592300,40.0911,-104.5947
41499,SIDI KRIR-I,1592700,31.0891667,29.5913889
49302,WEST (VOERDE),1600000,51.57611809,6.68416779
41596,SIKKA,1601700,22.4333333,69.8333333
33849,PATHADI,1603300,22.35,82.6833333
35522,POSSUM POINT,1603600,38.5367,-77.2806
65275,WISCO ELECTRIC,1607100,36.694444,114.196389
45772,TOMAKOMAI MILL,1609000,42.6369444,141.6033333
60893,DALIAN REFINERY,1609100,38.9122222,121.6022222
35615,POZNAN KAROLIN,1610000,52.436111,16.988888
45057,TERMOELECTRICA MEXICALI,1614100,32.6519444,-115.4683333
8087,CHEBOKSARY-2,1619700,56.1322222,47.2519444
23877,LA ROBLA FENOSA,1620500,42.80302,-5.62904
59556,DATONG MINE,1621600,40.039522,113.604551
8871,CLINCH RIVER,1622000,36.9333,-82.1997
47262,URAN,1624800,18.25,73.4333333
31798,NOVO-RYAZAN,1625200,54.6269,39.6916
50526,YANBU SWCC,1625700,24.089119,38.063742
15819,GREEN COUNTRY ENERGY LLC,1625800,35.9833,-95.9346
7868,CHANA,1627000,6.915417,100.740389
32559,OMSK-3,1627500,55,73.4
63454,SHENHUA HAIBOWAN,1627900,39.664722,106.812222
48901,WANSLEY COMBINED CYCLE,1628900,33.4124,-85.0344
13959,FRANK E RATTS,1629100,38.5201,-87.2662
12698,ESCATRON,1630000,41.296097,-0.337601
20810,KAINAN,1633800,34.15,135.2
30398,NANHAI CKI,1635600,23.0219255,113.1427765
44830,TECUMSEH ENERGY CENTER,1638800,39.0522,-95.5669
65986,IRSCHING-5,1639900,48.7666667,11.6166667
323,AES CAYUGA,1644200,42.6028,-76.6336
20574,COOPER (1384),1644300,37,-84.5917
339,AES RED OAK LLC,1644400,40.4481,-74.3497
10476,DEIR-AMMAR,1647100,34.4575,35.9052778
21968,KHARANOR,1649500,50.083333,116.666667
48628,VUOSAARI,1650000,60.219763,25.169184
4833,BLACK DOG,1650600,44.8108,-93.2501
28408,MIIKE,1651500,33.0333333,130.45
45169,THA TOOM,1652000,13.965972,101.513028
30484,NARCEA,1656400,43.337651,-6.414516
37932,ROOIWAL,1657700,-25.74485858,28.18782806
37336,RIJNMOND ENERGIE,1660000,51.89759,4.2766
15521,GORKY MOTOR WORKS,1660700,56.32867332,44.00204659
58461,DONGTANG PLANT,1662700,23.0488889,113.7447222
27096,MAOMING REFINERY,1662800,21.65,110.9
47353,UST-KAMENOGOR TETS,1665400,49.978889,82.610278
1126,ALTAMIRA,1667300,22.4,-97.9166667
23496,KWANGYANG-2,1668500,34.9752778,127.5891667
72249,FPL ENERGY MARCUS HOOK LP,1669800,39.8083,-75.4225
14432,GACKO,1670100,43.1672222,18.5352778
39205,SAN ISIDRO,1671400,-32.8833333,-71.2666667
8700,CILEGON PLN,1671500,-6.031667,106.202778
65488,HEBIN,1673100,39.2333333,106.7694444
55387,SONGZAO,1674000,29.0652778,105.8863889
8336,CHIFENG MEIGANSHI,1676100,42.268333,118.963611
46885,UGLJEVIK,1677400,44.6672222,19.0119444
46784,TYUMEN-1,1678100,57.152222,65.527222
13152,FARGE 301,1680000,53.20206653,8.516153926
17218,HAYS ENERGY PROJECT,1682000,29.7806,-97.9894
46877,UFA-2,1683100,54.785167,56.045621
34371,PETROPAVLOVSK-2,1683500,54.8752778,69.1627778
46127,TRACY,1683600,39.5625,-119.525
35364,PORT EVERGLADES,1685500,26.0856,-80.1253
6180,BUKIT ASAM,1688400,-3.2333333,106.0833333
38509,SADAF COGEN,1689700,27.011222,49.658255
15740,GRANITE RIDGE,1690700,42.9043,-71.4251
11533,DURNROHR,1692400,48.34529728,15.91026306
2864,BAGUANHE WASHERY,1696100,26.547902,101.705386
13209,F B CULLEY,1697000,37.91,-87.3267
52129,SHENHUA YANGGUANG,1698500,39.950075,113.956632
28809,MIZUSHIMA,1699300,34.5333333,133.7333333
33873,PATRATU,1699800,23.6666667,85.2833333
21091,KANAWHA RIVER,1700300,38.2056,-81.4211
20544,JOSE BATTLE Y ORDONEZ,1701200,-34.83346154,-56.16734505
35071,FORMOSA UTILITY VENTURE LTD,1701500,28.6917,-96.5417
18592,HSIEH-HO,1702700,25.128251,121.7419
31801,NOVO-SVERDLOVSK,1706600,56.8575,60.6125
28358,MIDLOTHIAN ENERGY FACILITY,1714500,32.4302,-97.0537
20418,CHONGQING WEST,1718000,29.5627778,106.5527778
44374,TALKHA,1719000,31.053895,31.377866
11657,EAST RIVER,1721300,40.7281,-73.9742
23976,LABUHAN ANGIN,1721700,1.7176,98.7265
50726,YOKKAICHI,1724800,34.9666667,136.6166667
3055,BALLYLUMFORD,1725500,54.85,-5.8166667
36846,RAY D NIXON,1726800,38.6306,-104.7056
46587,TUNCBILEK,1727500,39.6205556,29.465
50676,YICHUAN,1728500,33.45,114.9
20568,PULLIAM,1728500,44.5397,-88.0083
38027,ROSTOCK,1730000,54.14282177,12.13287489
15903,GRESIK,1730200,-7.1538889,112.6561111
24504,LARES,1731200,40.150852,-8.861786
45280,THOMAS PLAYFORD,1732400,-32.5,137.7666667
7363,CASTELLON,1740000,39.957654,-0.00573
40850,SHANDONG LUXI,1740500,36.4438889,115.9647222
712,AL-HIDD,1746400,26.245556,50.654167
16816,HANNOVER,1750000,52.42029118,9.647600323
2201,KAHRAMA,1754800,35.847729,-0.314678
17463,HMP&L STATION TWO HENDERSON,1756600,37.6472,-87.5028
10734,DHEKELIA,1760000,34.980143,33.746236
37761,ROCKSAVAGE,1760000,53.31536,-2.725563
20398,JINSHAN-1,1760100,30.920248,121.251994
35075,POINT LISAS,1763800,10.3666667,-61.4833333
58979,JINCHUAN WORKS,1768100,38.4952778,102.1738889
2322,ASIR CENTRAL,1771500,19,42
37875,ROMAG-TERMO,1780000,44.675444,22.688333
1755,ANYANG HENAN,1780900,36.0994444,114.3288889
40581,SEOUL SOUTH,1781600,37.56825614,126.9778347
45603,TOBATA,1782000,33.8833333,130.8333333
59844,UTHMANIYAH,1783400,25.25,49.25
42206,SOHAR ALUMINUM,1783800,24.428056,56.611111
13494,FISK STREET,1785100,41.8508,-87.6533
39665,SANTAN,1787100,33.3333,-111.751
17682,HIGH DESERT POWER PLANT,1789700,34.5953,-117.3647
47817,VASILIKOS EAC,1790000,34.728469,33.289753
665,AKZO DELESTO,1790000,53.32045,6.95605
44042,SYKTYVKAR PLANT,1793000,61.676422,50.809941
22698,KOLUBARA,1793200,44.4675,20.284444
8462,CHITA-2,1794400,54.6044,60.2223
70858,CAPE FEAR,1796400,35.595,-79.0492
9625,CRAIOVA II,1800000,44.34735,23.81512
24069,EGBIN,1800800,6.6154825,3.508673
50338,XIMI,1804500,34.7577778,113.6486111
28546,MINAMI-YOKOHAMA,1804600,35.447778,139.6425
40975,SHELDON,1809700,40.5589,-96.7842
65925,JIGANG,1809900,36.6683333,116.9972222
45047,TERMOANDES,1811100,-24.734887,-65.075662
36918,RED HAWK,1812700,33.33,-112.84
31820,NOVOSIBIRSK-3,1816300,55.0415,82.9346
47734,VANKORSKOYE FIELD,1816600,53.9477778,105.9263889
46234,TRENTON (NS),1817200,45.6202,-62.6498
20806,KAILI,1818300,26.5858333,107.9797222
20157,J C WEADOCK,1818900,43.6425,-83.8431
1942,ARCOS IBERDROLA,1820000,36.675206,-5.815155
45963,TORREVALDALIGA NORD,1820000,42.121111,11.768333
14910,GENOA,1822500,43.5592,-91.2333
43236,STERLITAMAK,1823600,53.624619,55.950148
19633,ISHIKAWA J-POWER,1823700,26.4233333,127.8213889
40948,SHEDGUM ARAMCO,1824000,25.726111,49.428889
21583,KAWASAKI ENERGY,1824600,35.5205556,139.7172222
322,AES CARTAGENA,1825000,37.495517,-1.48016
66036,JIYUAN,1825900,35.09,112.58
26599,MAGNITOGORSK MMK,1829400,53.418611,59.047222
33488,PALOS FRONTERA FENOSA,1830000,37.186144,-6.886133
47389,UTHMANIYAH GAS PLANT,1832000,25.25,49.25
36780,RAVENSWOOD,1838000,40.7585,-73.9451
33332,PAGUTHAN,1839100,21.7,72.9666667
8986,OPTIM ENERGY ALTURA COGEN LLC,1847700,29.8161,-95.0177
59645,LUOYANG SUNSHINE,1848600,34.6836111,112.4536111
17656,HIGASHI NIIGATA,1851600,37.9166667,139.0666667
20395,JINSHA GUIZHOU,1857100,27.4677778,106.2061111
12710,ESCOMBRERAS GN,1857100,37.570673,-0.942099
48552,VORKUTINSKAYA-2,1857900,67.5,64
16928,HARIPUR POWER,1858100,25.001457,89.791326
44110,TABRIZ,1858600,38.08,46.2919
33362,PAKA YTL,1859800,4.6374,103.4368
23019,KRAKOW LEG,1860000,50.054166,20.006944
49886,WISE COUNTY POWER LP,1862800,33.0583,-97.9103
63199,SHIN SAKAIKO,1862800,34.5833333,135.4666667
39664,SANTALDIH,1863600,23.3333333,86.3666667
42440,SOSNOGORSKAYA,1865200,63.567054,53.683478
13829,FORT ST VRAIN,1865400,40.2461,-104.8742
30385,NANDING,1868000,36.7905556,118.0633333
47078,UNION POWER PARTNERS LP,1869400,33.2961,-92.5933
37077,RENUKOOT (BALCO),1876300,22.0833333,82.15
17507,HEPO,1878400,37.8575,113.563333
3685,B C COBB,1880700,43.2542,-86.2417
46992,ULYANOVSK TETS-2,1882100,54.3333333,48.4
20116,JASPER,1886700,32.3592,-81.1236
45612,TOBOLSK,1891000,58.2,68.266667
30829,NERYUNGRI,1892600,56.6709,124.6491
29708,MUARA TAWAR,1896000,-6.2349,106.9896
72150,BAYTOWN ENERGY CENTER,1896200,29.7731,-94.9019
11586,DZERZHINSK,1901600,56.2388889,43.4630556
50776,YORKTOWN,1904000,37.2144,-76.4611
61446,KHURSANIYAH,1905700,27.217843,49.2251
25305,PSEG LINDEN GENERATING STATION,1906200,40.6225,-74.2097
49258,WERK MARL,1906400,51.65,7.0833333
12514,ENNORE,1908600,13.2475,80.3252778
22058,KIEL,1910000,54.33863305,10.1769205
21573,KAWAS,1914300,21.1666667,72.8333333
44369,TALIN,1915000,22.59516,120.303411
36911,REDBUD POWER PLANT,1915500,35.6853,-97.2242
4197,BERRI GAS PLANT,1916800,27.011222,49.658255
41593,SIKESTON POWER STATION,1919500,36.8791,-89.6209
31794,NOVO-GORKOVSKAYA,1924100,56.147333,44.197871
31796,NOVO-KEMEROVO,1924900,55.3333333,86.0833333
15651,GRAIN,1926800,51.45590558,0.711257458
20572,J R WHITING,1926900,41.7917,-83.4486
58988,HUATING,1927200,35.376006,105.283893
703,AL-EZZEL,1927900,26.245556,50.654167
27996,MELNIK-1,1930000,50.41444167,14.41323889
47920,VELTHEIM,1930000,52.18893391,8.932194975
38987,SAMALAYUCA-II,1930900,31.733333,-106.483333
37617,RIYADH CITY-08,1932400,24.68773227,46.72184944
35736,PRESIDENTE MEDICI,1933800,-31.55805556,-53.6725
41040,SHEYANGGANG,1934600,27.99223,116.157645
21040,KAMMER,1934800,39.8464,-80.8189
36771,RAVENNA ENICHEM,1940000,44.448611,12.236944
47181,UONG BI,1940800,21.0333333,106.7833333
22139,KIMITSU,1942100,35.3252778,139.8911111
29374,MORGAN ENERGY CENTER,1942200,34.6397,-87.0639
31267,NINE MILE POINT,1943400,29.9472,-90.1458
50874,ZAPORIZHZHYA,1947300,47.49864786,34.65740204
41208,SHIN SAIJO,1951200,33.9166667,133.1833333
7874,CHANDERIA SMELTER,1951800,25.7625,75.5125
34230,PERLIS,1954700,6.3314891,100.1632368
27937,MEJILLONES,1956800,-23.1,-70.45
38813,SALAMANCA,1958200,20.5666667,-101.2
72104,TAFT COGENERATION FACILITY,1959000,29.9861,-90.4575
14556,JHANOR-GANDHAR,1959500,21.7,72.9666667
29065,MONFALCONE,1960000,45.796944,13.545556
51056,ZOLLING,1960000,48.45518143,11.79959188
45547,TISOVA,1960000,50.15206111,12.61013889
14411,FYNS,1960000,55.42905651,10.40436755
11455,DUNAMENTI,1962000,47.325791,18.921415
43843,SURAT,1962700,21.1666667,72.8333333
10436,DEER PARK ENERGY CENTER,1964900,29.7153,-95.1361
24823,LEE,1969100,35.3775,-78.0875
65927,SHANDONG ZHONGTAI,1972900,35.9005556,117.7519444
25498,LIYAN,1974100,35.405,116.5813889
43663,SUMGAIT-3,1977800,40.5897222,49.6686111
10747,DHUVARAN,1979500,22.5666667,72.9333333
51327,YUNFU,1981400,21.474941,110.87442
62969,HENGYUN-B,1981400,22.850094,112.143458
18271,HONGYUAN,1981400,24.6,111.1666667
42473,SOUSSE,1981500,35.825388,10.636991
53337,YONGCHUAN-3,1986200,29.5627778,106.5527778
65647,CHANGJI FUKANG,1986200,44.0166667,87.3166667
17866,HIROHATA WORKS,1987300,34.8166667,134.7
29422,R D MORROW,2004000,31.2194,-89.3933
50869,ZAPADNO SIBIRSKAYA,2004400,53.7557,87.1099
2169,ARTYOMOV,2005500,43.10562023,131.8735313
25306,LINDEN COGEN PLANT,2005600,40.6322,-74.2156
8479,CHITTAGONG RAOZAN,2012100,22.3330556,91.8363889
34692,PINGWANG,2013600,40.039522,113.604551
41003,SHENZHEN MANZHOULI,2013600,49.6,117.4333333
1286,AMARKANTAK,2015400,23.2833333,81.35
11279,MARTIN DRAKE,2017700,38.8244,-104.8331
33667,PARAS,2018800,20.7333333,77
45041,TERMINI IMERESE,2020000,37.969167,13.748333
50700,YIXING UNION,2020800,32.015479,121.440283
18625,HUAINAN XINZHUANGZI,2026200,32.6263889,116.9969444
66193,NANJING MINE,2029500,32.0616667,118.7777778
66194,JINGHAI,2029500,38.9333333,116.9166667
50277,XIAGUAN,2030900,32.0616667,118.7777778
40505,SEMINOLE (2956),2030900,34.9678,-96.7242
52713,BHANDER POWER,2032100,21.1666667,72.8333333
50314,XIAOSHAN,2033000,28.273446,119.748511
9979,DADRI,2033200,28.5807532,77.330532
14487,R GALLAGHER,2033300,38.2636,-85.8381
452,AGUIRRE,2036400,17.9774659,-66.297946
914,ALEPPO,2037800,36.201241,37.161173
39565,SANTA CRUZ FURNAS,2039100,-22.92507,-43.679919
5346,BORSSELE,2040000,51.43083333,3.718333333
22208,KINGSTON,2041300,35.8992,-84.5194
28440,MILAZZO,2041800,38.221166,15.238283
50704,YIZHENG PLANT,2042900,32.2691667,119.1788889
10272,DASHOGUZ VELAYAT,2044400,41.836254,59.966615
50811,YUZHNO-KUZBASSKAYA,2045800,53.7557,87.1099
47347,UST-ILIMSK TETS,2047500,58.000556,102.661944
17589,HESHAN,2049700,23.9,108.9
43892,SUTTON BRIDGE,2050000,52.757352,0.191671
16355,GUSHIKAWA,2054300,26.3544444,127.8686111
37615,RIYADH CITY-05,2055200,24.68773227,46.72184944
17217,HAYNES,2056200,33.7639,-118.0942
34841,P L BARTOW,2060900,27.8613,-82.6012
6616,CAIRO WEST,2061900,30.008079,31.210931
11402,DUCK CREEK,2062800,40.4663,-89.9841
65509,PUYANG,2063400,35.7027778,115.0052778
42478,SOUTH BAGHDAD,2065700,33.340582,44.400876
29487,DYNEGY MOSS LANDING POWER PLANT,2065800,36.8042,-121.7775
44964,TENASKA FRONTIER GENERATION STATION,2066000,30.5924,-95.9178
10284,DATANG YUNGANG,2070700,40.039522,113.604551
57289,XUZHOU CHACHENG,2070800,34.180454,117.15707
4910,BLENOD,2070800,48.598141,5.839557
32561,OMSK-4,2071500,55,73.4
33823,PASTORIA ENERGY FACILITY LLC,2073800,34.9556,-118.844
16126,GUADALUPE GENERATING STATION,2074000,29.6237,-98.1395
12689,ESCALANTE,2079500,35.4159,-108.082
50354,XINHAI,2082400,34.731944,119.4425
27261,MARION,2084900,37.6206,-88.955
46596,TUNGHSIAO,2093200,23.1425,120.158056
10184,DANSKAMMER GENERATING STATION,2094200,41.5736,-73.9747
20057,JAMSHORO,2102900,25.439393,68.290271
48444,VLADIVOSTOK-2,2105700,43.10562023,131.8735313
44289,TAKASAGO,2111700,34.75198,134.80236
20742,KADUY,2114400,59.2,37.15
14153,FRIMMERSDORF,2119600,51.05638889,6.576944444
2560,AURAIYA,2121400,26.7769,79.0239
37233,RIBATEJO,2130000,39.0115052,-8.950252029
21588,KAWASAKI NGG,2131000,35.5205556,139.7172222
6876,CAN,2131200,40.033282,27.052357
27097,MAOMING RUINENG,2131400,21.65,110.9
8184,CHEREPOVETS,2133000,59.2,37.15
36456,RAIGARH WORKS,2133800,21.9,83.4
40844,SHAND,2136300,49.0879,-102.864
43578,SUGEN,2136800,21.1666667,72.8333333
43604,SUJIAWAN,2136900,36.694444,114.196389
62968,SHENYANG HUANGGU,2138700,43.022764,124.25487
11400,DUBURI STEEL PLANT,2139000,20.85,86.3333333
5022,BOBOV DOL,2140000,42.285164,23.0344
46653,TURKMENBASHI-1,2141600,40.022158,52.955175
18870,C R HUNTLEY GENERATING STATION,2143600,42.97,-78.93
21256,KARAGANDA TPS-2,2144500,50.054444,72.948333
70462,JACK MCDONOUGH,2145700,33.8244,-84.475
65489,HENAN HEBI,2153800,35.8991667,114.1925
255,ADAPAZARI INTERGEN,2156200,40.7805556,30.4033333
25081,CHEMPARK LEVERKUSEN,2156300,51.0333333,7
27173,MARCHWOOD POWER,2159500,50.90394649,-1.404282055
10134,DAMHEAD CREEK,2160000,51.428069,0.6115655
45556,TITAGARH,2169200,22.7363889,88.3736111
3869,BELAWAN (MEDAN),2170200,3.5833333,98.6666667
50660,YENIKOY,2171100,37.3163889,27.7838889
38594,SAGUNTO,2180000,39.642933,-0.232755
8461,CHITA-1,2181400,52.0333333,113.55
40990,SHENHAI,2184900,41.7922222,123.4327778
70505,DALLMAN 1,2186100,39.7539,-89.6011
22110,KILLINGHOLME-B,2190000,53.653342,-0.255285
7903,CHANGHUA PLANT,2194600,24.081597,120.538464
18677,HUANGBIZHUANG,2195800,38.2494444,114.3125
51287,ZHUJIANG,2196900,23.1166667,113.25
29845,MUNCHEN NORD,2200000,48.18117717,11.63984435
26127,LUEYANG,2201900,37.6141667,112.44
36675,RAS ABU FONTAS A,2206500,25.27931551,51.52244568
41009,SHENZHEN SCUPC,2207700,22.54553766,114.0682983
27932,MEIXIAN,2208100,23.7,113.0333333
39627,SANTA RITA BATANGAS,2208500,14.3122222,121.1113889
6653,CALACA,2209100,13.932438,120.813267
10525,DELTA ENERGY CENTER,2209400,38.0167,-121.8439
12709,ESCOMBRERAS,2210700,37.605121,-0.986232
51294,HUADIAN ZIBO,2213000,36.7905556,118.0633333
50674,YIBIN DOUBA,2218000,28.766667,104.623832
24822,LEDVICE,2220000,50.57638889,13.78055556
9468,CORYTON INTERGEN,2220000,51.51232,0.5052564
45373,TIANJIN ETHYLENE,2228500,39.1422222,117.1766667
42628,SPALDING INTERGEN,2230000,52.807848,-0.132206
1797,APACHE STATION,2234700,32.0619,-109.8931
50433,YAKUTSK,2236800,62.0338889,129.7330556
70511,MICHIGAN CITY,2239000,41.7203,-86.9097
62970,TAICANG HAILONG MILL,2239700,31.447778,121.093889
62915,RENPING HUAXIN,2239700,37.1666667,117.3666667
43614,SULCIS,2240000,39.195278,8.4
423,AGUA DEL CAJON,2244100,-38.951606,-68.059102
17487,HENNEPIN POWER STATION,2248700,41.3017,-89.3136
24247,LAMAR POWER PROJECT,2249400,33.6314,-95.589
14905,GENK-LANGERLO,2250000,50.934049,5.478404
1850,AQABA,2256200,29.5266667,35.0077778
12745,ESHKOL,2259200,31.816667,34.65
35446,PORTLAND (US),2259300,40.91,-75.0789
5807,BRINDISI ENIPOWER,2260000,40.634722,18.009722
20356,JINAN,2261200,36.6683333,116.9972222
31686,NORTHPORT,2262500,40.9231,-73.3417
10475,DEIR-ALI,2264000,33.282081,36.301986
19727,ITABO,2267800,18.391663,-70.042622
29453,MOSCOW-03 KLASSON,2272100,55.884309,38.786403
44927,TELUK GONG (PANGLIMA),2275200,2.3594,102.0353
32664,OPATOVICE,2280000,50.12703056,15.791825
28105,MERI-PORI,2280000,61.632559,21.405709
44648,TARONG NORTH,2282000,-26.6666667,152
65924,JINING YANGCHEN,2283800,35.405,116.5813889
18693,YUEHUA (HUANGPU),2284200,22.7211183,113.3375065
46334,TRIPOLI WEST,2284600,32.87519008,13.18745613
24384,LANGAGE,2290400,50.39073647,-4.060220718
38315,RUWAIS REFINERY,2291200,24.1102778,52.7305556
16269,GUJIAO,2294100,35.6963889,113.5077778
4764,BISTOUN,2295500,34.3996,47.445
62954,HUAIYIN,2295800,33.503889,119.144167
4787,BIYSK-1,2295900,52.536389,85.207222
41674,SIMMERING,2296500,48.20848776,16.37207508
4358,BHILAI,2310100,21.1833333,81.2833333
18845,HUNJIANG-1,2312000,41.9430556,126.4286111
20284,JIAMUSI-1,2313500,46.8333333,130.35
33923,PAWNEE,2313900,40.2217,-103.6803
29236,MONTERREY,2316000,25.75,-100.3
25187,LIDIO PEREZ (FELTON),2318100,20.6541667,-75.6819444
7900,CHANGGUANG-2,2324400,27.967785,118.813972
20783,KAHE,2324700,21.3018,-158.09
51220,YONGDONG,2325600,37.755556,128.896111
44533,TANJUNG PRIOK,2328100,-6.1136111,106.8908333
11518,DURGAPUR DVC,2330100,23.25,87.85
45745,TOLIMARJON,2332100,38.278974,65.558675
31791,NOVO-ANGREN,2334300,39.7161111,66.6641667
40931,SHAWVILLE,2335200,41.067,-78.3656
58873,LUOYANG SHUANGYUAN,2335500,34.6836111,112.4536111
20835,KAIYUAN-2,2336700,23.697668,103.303723
17459,HENAN YULIAN,2337100,34.76,112.9713889
19983,JAHROM,2338500,28.5,53.5605
47789,VARNA,2340000,43.19477,27.765472
23897,LA SPEZIA,2340000,44.111111,9.872222
70856,ASHEVILLE,2340600,35.4714,-82.5431
20323,JIAXING-1,2346800,30.7016667,121.0111111
9310,COPE,2348000,33.3642,-81.03
1146,ALTBACH,2350000,48.71908371,9.371351237
4305,BEXBACH C,2350000,49.36487575,7.235540744
18664,HUANENG NANJING,2350600,32.0616667,118.7777778
44967,KIAMICHI ENERGY FACILITY,2352700,34.6831,-95.9349
55375,ANHUI XUANCHENG,2357200,30.9525,118.7552778
27755,C D MCINTOSH JR,2364300,28.0809,-81.9256
44201,SUZHOU TAICANG,2367400,31.447778,121.093889
17472,HENGFENG-1,2367500,37.7322222,115.7011111
48515,VOLKLINGEN-FENNE,2368400,49.25161599,6.858730316
14396,FUXIN-2,2375500,42.0155556,121.6588889
30450,NANYANG,2379100,32.9947222,112.5327778
12596,ERDAOJIANG-3,2379100,41.7197222,125.9263889
31505,NORDJYLLANDSVAERKET,2380000,57.07255316,10.04259989
27893,MEGHNAGHAT-1,2384800,23.71039562,90.40743828
8537,CHONGQING,2386300,29.5627778,106.5527778
39705,SANTURCE,2386800,43.32842444,-3.032484055
40521,SENBOKU TERMINALS,2387500,34.69373984,135.5021819
50374,XISAISHAN,2390800,37.1761111,114.3483333
18266,HONGYANCHI-1,2394300,43.8,87.583333
17161,HAVANA,2395900,40.2797,-90.0775
46785,TYUMEN-2,2397300,57.152222,65.527222
36291,QUEZON,2398100,14.1911111,121.7311111
139,ABONO,2399800,43.558782,-5.722872
4115,BERGEN GENERATING STATION,2406500,40.8375,-74.0244
27453,MASINLOC,2413700,15.5363,119.9502
43632,SULTAN ISMAIL (PAKA),2414100,4.6374,103.4368
4978,BLUEWATERS,2414600,-33.3666667,116.15
22150,KIN,2415600,26.758856,128.1630435
13171,FARS,2420800,29.6036,52.5388
36803,RAYONG,2421400,12.68095402,101.2579823
71,A B BROWN,2422300,37.9053,-87.715
41252,SHINAGAWA,2423600,35.6833333,139.7833333
31795,NOVO-IRKUTSK,2426200,52.2977778,104.2963889
37253,RICARDO ZULOAGA,2426800,10.585835,-67.074166
16401,HERBERT A WAGNER,2428000,39.1781,-76.5268
10772,DICKERSON,2429300,39.2086,-77.4644
39003,SAMARRA DIESEL,2429900,34.200961,43.875616
15850,GREENE COUNTY,2431000,32.6017,-87.7811
50375,XISHUI GUIZHOU,2432000,28.3375,106.2213889
7889,CHANDRAPURA,2433700,23.7833333,85.9666667
53887,YONGCHENG,2436700,33.9361111,116.3641667
50971,ZERAN,2440000,52.294395,20.994255
50991,ZHAMBYL,2440700,42.9,71.3666667
341,AES SHADY POINT LLC,2442400,35.1931,-94.6458
2406,ATACAMA NOPEL,2450800,-23.1,-70.45
21257,KARAGANDA TPS-3,2457400,50.054444,72.948333
36195,QILU WORKS,2461800,36.7905556,118.0633333
71124,RAWHIDE,2462300,40.8611,-105.0206
35847,PROVENCE,2470000,43.49,5.5
6399,BUSCHHAUS,2470600,51.65,11.5
36676,RAS ABU FONTAS B1,2472200,25.27931551,51.52244568
57712,ZHEJIANG JUHONG,2473700,28.9594444,118.8686111
11773,EDDYSTONE GENERATING STATION,2479500,39.858,-75.323
40846,SHANDONG CHIPING,2480800,36.5941667,116.2419444
18651,HUANENG CHANGSHAN,2485200,42.325449,127.161067
2408,ATAKA,2489500,29.973714,32.526267
40310,SEABANK,2490000,51.528976,-2.653412
2429,ATHENS GENERATING PLANT,2490900,42.2728,-73.8492
28927,MOGILEV-2,2503100,54.985979,29.832581
3129,BANDEL,2504500,22.8955556,88.4025
8538,CHONGQING BAIHE,2507600,29.5627778,106.5527778
17473,HENGFENG-2,2507600,37.7322222,115.7011111
30032,MUZAFFARGARH,2511700,30.07537,71.192129
14588,DATANG 803,2511800,36.0563889,103.7922222
29154,MONTAZER QAEM,2511900,35.7214,51.109
10552,DENGFENG-2,2516200,34.4552778,113.0280556
24622,LAUDERDALE,2524200,26.0681,-80.1983
50370,XINXIANG HUAYU,2524900,35.3088889,113.8672222
58263,DAQING ETHYLENE PLANT,2528100,46.5833333,125
58459,HUOZHOU-2,2529800,36.0888889,111.5188889
3930,BELLARY,2539800,15.2,76.7666667
64010,KASHIMA WORKS IPP,2540800,35.96536384,140.6447411
65222,HUAIBEI GUO'AN,2543700,33.9744444,116.7916667
722,AL-KHOBAR,2545900,26.303239,50.135284
16774,HANDAN,2548300,36.6005556,114.4677778
25357,LINYI,2550000,35.0630556,118.3427778
66069,LONGHUA YANJI,2552900,42.9075,129.5077778
3831,BEIHAI BEBUWAN,2554600,21.4833333,109.1
18944,HWA YA,2558300,25.077768,121.393478
23049,KRASNOYARSK-1,2562200,56.0097222,92.7916667
48434,VIZAG STEEL PLANT,2562500,17.7,83.3
28129,MERRIMACK,2563500,43.1411,-71.4692
66191,YICHANG EAST,2573600,36.8436111,114.2597222
30412,NANKO,2573700,34.69373984,135.5021819
41411,SHUAIBA SOUTH,2574200,29.041111,48.1375
156,ABU QIR,2574500,31.2,29.9
40806,SHAHID MOFATTEH (GHARB),2576400,35.1141,48.9718
28936,MOHAMMEDIA,2584500,33.706589,-7.394424
42011,SLOECENTRALE,2587300,51.4525,3.626389
50424,NANYANG YAHEKOU,2590600,32.9947222,112.5327778
9063,COLLIE VERVE,2592300,-33.3666667,116.15
51697,YICHUAN-3,2592700,33.45,114.9
20420,HUANENG JIUTAI,2602200,44.1525,125.8327778
58982,LINYI HUASHENG,2607500,35.0630556,118.3427778
45105,TERUEL,2610000,40.997107,-0.380582
70995,PHILIP SPORN,2610300,38.9669,-81.9231
12332,ELMER SMITH,2616500,37.7958,-87.0597
36005,PUGUANG,2626300,34.8661111,110.4402778
50347,XINFENG,2626300,42.268333,118.963611
29606,MOUNTAINVIEW POWER LLC,2627500,34.0836,-117.2408
46746,TWIN OAKS POWER ONE,2628700,31.0932,-96.6965
8095,SOUTH ESFAHAN,2629700,32.65749185,51.67203248
17333,HEILBRONN,2630000,49.1765714,9.208261299
4099,BEREZA,2630200,53.721428,25.499267
25128,LIANCHENG-2,2632900,36.0563889,103.7922222
70437,INDIAN RIVER GENERATING STATION,2634600,38.5857,-75.2341
9168,COMPOSTILLA,2640000,42.62746,-6.56333
52846,DATANG XIGU,2651000,36.0563889,103.7922222
8500,CHIZHOU JIUHUA,2656700,30.6577778,117.4830556
3249,BAOTOU DONGHUA,2656700,40.6522222,109.8222222
57713,XINXIANG BENGQIAO,2657800,35.3088889,113.8672222
50313,XIAOLONGTAN,2659300,23.697668,103.303723
37138,REUTER WEST,2660000,52.53525965,13.24373542
50813,YUZHNOURALSK,2660000,54.4418,61.2536
26301,L V SUTTON,2663600,34.2824,-77.9864
13613,FLORINA,2666300,40.78197125,21.40981078
26651,MAILIAO MP,2670000,23.749444,120.254722
11436,DULCES NOMBRES,2674000,25.7833333,-100.05
42451,SOTO DE RIBERA,2679600,43.36029357,-5.844764113
46697,TUXPAN FENOSA,2682200,20.95,-97.4
2907,BAILLY,2683200,41.6433,-87.1225
56579,VIJAYANAGAR POWER,2683700,15.15,76.9333333
48897,WANSHENG,2684200,28.9633333,106.9247222
58818,HOHHOT JINSHAN,2684200,40.8105556,111.6522222
16108,GUACOLDA,2686300,-28.4663889,-71.2191667
12928,E W BROWN,2687300,37.7889,-84.7139
51255,YONGNAM,2691100,35.4869444,129.3833333
23817,LA PALOMA GENERATING LLC,2693500,35.2956,-119.5919
36145,PYONGTAEK,2697600,36.994722,127.088889
24682,LAVRIO,2700000,37.746954,24.066333
26653,MAILIAO RF-CFB,2703800,23.749444,120.254722
21123,KANGAL,2704000,39.233544,37.39111
10124,DAMANHOUR,2704800,31.039171,30.469138
57894,NANPU QUANZHOU,2708100,24.9138889,118.5858333
16255,GUIXI,2708100,28.288572,117.213291
3253,BAOTOU-3,2709300,40.6522222,109.8222222
40848,SHANDONG HOUZOU,2711000,35.7047222,116.9936111
58972,KAIXIAN,2711300,31.2,108.4166667
45006,TENUGHAT,2711900,23.7833333,85.9666667
26487,JOHN P MADGETT,2712000,44.3026,-91.9126
36086,PUQI (WUHAN),2716400,29.66444444,113.8730556
10283,DATANG TANGSHAN,2716400,39.6333333,118.1833333
54237,GROOTVLEI,2717500,-26.663308,28.590159
38226,RUIEN,2720000,50.783072,3.47538
40820,SHAJIAO-B,2722200,23.0488889,113.7447222
55348,BEKIRLI BIGA,2727200,40.2280556,27.2422222
25833,LOS BARRIOS,2730000,36.183696,-5.418414
8220,CHESWICK POWER PLANT,2731300,40.5383,-79.7906
9638,CRAWFORD,2731800,41.8278,-87.7236
19004,IB VALLEY-I,2733900,21.85,84.0333333
57175,YONG'AN,2739200,25.98,117.364167
18613,HUADIAN YUNHE,2740400,35.8802778,118.9488889
58466,LAIBIN-C,2742000,23.7,109.2666667
17265,HEBEI SANHE,2742000,39.9838889,117.0708333
58969,WANYUAN,2742100,31.7326883,105.3181245
45651,TOGLIATTI,2742800,53.5303,49.3461
58222,HANGZHOU BANSHAN,2744100,30.29365,120.161419
41331,SHIRVAN,2747000,37.396693,57.929517
3347,BARKING,2750000,51.521398,0.1473834
16476,HAFEN SWB,2750000,53.12388802,8.727326209
31011,NEW TALKHA,2750500,31.053895,31.377866
1665,ANQING,2757200,30.5091667,117.0505556
56595,GUIZHOU DALONG,2759500,27.2930556,109.0111111
41413,SHUANGHUAI,2759500,29.9947222,106.2572222
16206,GUCHENG,2759500,32.9794444,114.0294444
48832,WALSUM,2760000,51.48425093,6.72723283
34331,PETERHEAD,2760000,57.478132,-1.786694
15904,GRESIK B,2765700,-7.2491667,112.7508333
70883,BAY SHORE,2774900,41.6925,-83.4375
16256,GUIYANG,2783400,26.5833333,106.7166667
13043,FAIRLESS ENERGY CENTER,2793700,40.1464,-74.7406
31384,NIZHNEKAMSK-1,2797100,55.636571,51.824474
18653,HUANENG DANDONG,2799800,40.1291667,124.3947222
27934,MEIZHOU WAN,2806200,25.4394444,119.0102778
16231,GUIGUAN HESHAN,2814300,23.9,108.9
8455,CHITA DAINI,2815800,35.002668,136.864205
17457,HENAN HUANGFU,2816700,33.1711111,114.18
33916,PAVLODAR-1,2816700,52.3,76.95
17458,HENAN XINMI,2819900,34.49861111,113.5961111
57469,HOHHOT JINQIAO,2821200,40.8105556,111.6522222
55892,ZHANGYE,2821800,38.9341667,100.4516667
21942,KHABAROVSK-3,2826100,48.4808333,135.0927778
34042,PEGO,2830000,39.46602688,-8.111976939
30451,NANYO COMPLEX,2837000,34.185834,131.471389
70508,TANNERS CREEK,2840200,39.0831,-84.8581
19937,JACK WATSON,2848700,30.4408,-89.0265
50372,XINYU,2855900,28.603328,117.761847
45964,TORREVALDALIGA SUD,2860000,42.128333,11.757778
23884,LA ROSITA,2862000,32.6038889,-115.6527778
65487,XIWANG ALUMINUM,2862500,34.7747222,111.1813889
70639,DAN E KARN,2868600,43.6425,-83.8431
33009,OSTROLEKA,2870000,53.104444,21.612028
53301,HUNAN CHUANGYUAN,2873600,29.0322222,111.6780556
51464,XINXIANG YUXIN,2873600,35.3088889,113.8672222
26322,LYNEMOUTH,2877100,50.93311817,-0.390872955
18113,HOLCOMB,2879900,37.9306,-100.9725
10943,DK6 (SOLLAC),2880000,51.03,2.36
19019,IBBENBUREN-B,2880000,52.28881179,7.747906179
15100,GILA RIVER POWER STATION,2881200,32.9761,-112.694
12595,ERDAOJIANG,2882500,41.7197222,125.9263889
58874,DATANG GANGU,2882900,37.1466667,106.7805556
6945,CANGZHOU,2882900,38.3166667,116.8666667
46633,TURBIGO LEVANTE,2883400,45.53076362,8.73670578
15421,GOLFO-PENOLES,2887100,21.9833333,-98.75
31282,NINGXIA ZHONGNING-2,2889400,37.4941667,105.6672222
33915,PAVLODAR CCL,2889500,52.3,76.95
34144,PENGLAI GUODIAN,2895700,37.8086111,120.7508333
40569,SEOCHON,2899800,36.4135,126.6432
33329,PAGBILAO,2903300,13.975,121.6919444
28589,MINHANG,2903600,31.2222222,121.4580556
16840,HANYUAN,2904300,36.6005556,114.4677778
64414,DENGKOU,2904300,38.2333333,103.9333333
58970,LINHE,2904300,40.7513889,107.4205556
57909,GUANGDONG DESHENG,2904500,23.026771,113.131483
11482,DUNKIRK GENERATING PLANT,2906700,42.49,-79.35
9035,KENNETH C COLEMAN,2907100,37.9628,-86.7917
43096,STATE LINE ENERGY,2907600,41.7072,-87.5217
17791,HIMEJI DAIICHI CC,2910700,34.8166667,134.7
8662,CHVALETICE,2920000,50.02111111,15.44722222
40572,SEOINCHON KOWEPO,2929500,37.476382,126.616916
39514,SANNAZZARO REFINERY,2930000,45.099167,8.867778
19243,IMMINGHAM CONOCO,2930000,53.63657,-0.23949
40750,SEYITOMER,2934200,39.4241667,29.9833333
63359,YANTAI BAIJAO,2939900,37.5333333,121.4
57907,HEILONGJIANG QIQIHAR,2939900,47.3408333,123.9672222
18236,HONAM,2941100,34.375,126.5566667
72149,CHUCK LENZIE GENERATING STATION,2947900,36.3853,-114.9228
58248,HUNAN LIANYUAN,2950300,27.6883333,111.6641667
50515,YANAI,2960600,33.9666667,132.1166667
2309,ASHUGANJ,2961700,24.0333333,91.0166667
27757,MCINTOSH COMBINED CYCLE FACILITY,2963200,32.3478,-81.1828
36254,QUDAS,2964100,33.552778,44.3725
65510,HUAIAN,2964500,40.81,114.8794444
44251,TAIYUAN STEEL MILL,2965700,37.8694444,112.5602778
17658,HIGASHI OGISHIMA,2968200,35.5205556,139.7172222
338,AES PUERTO RICO,2969200,17.9841328,-66.1137767
8960,COCKENZIE,2970000,55.968382,-2.969035
19574,IRONBRIDGE,2970500,52.67659024,-2.449264526
40922,SHATURA,2970900,55.572529,39.536818
10551,DENGFENG-1,2971200,34.4552778,113.0280556
11383,DUBAI SMELTER CC,2986900,25.012788,55.04947
14398,FUXIN-3,2987400,42.0155556,121.6588889
10350,D B WILSON,2989800,37.4497,-87.0803
12408,EMILE-HUCHET CC,2990000,49.12,6.71
19201,ILIJAN,2998000,13.9,120.866667
40571,SEOINCHON KOSPO,2998300,37.476382,126.616916
36104,PUSAN,3000800,35.1027778,129.0402778
2647,AVON LAKE,3004600,41.5042,-82.05
65508,GUODIAN DONGSHENG,3009600,39.816085,109.977629
15101,GILAN,3019400,37.280769,49.58319
46077,TOYAMA SHINKO,3023900,36.7726885,137.0715305
3942,BELLEDUNE,3030300,47.9058,-65.867
18846,HUNJIANG,3032200,41.9430556,126.4286111
41083,SHILIQUAN,3033400,34.8647222,117.5541667
20490,JOJOBERA,3034100,22.8,86.1833333
6207,BULL RUN,3034300,36.0211,-84.1567
41163,SHIN KOKURA,3037500,33.8333333,130.8333333
53186,XUZHOU HUAXIN,3039400,34.180454,117.15707
65733,DATANG BAOJI,3039400,39.176687,113.713426
13582,FLINT CREEK,3042400,36.2561,-94.5241
39296,JOSE DE SAN MARTIN,3044000,-32.6672,-60.792978
17844,HIRAKUD SMELTER,3045000,21.45,83.9666667
38470,SABINE,3045800,30.0242,-93.875
24128,LAIBIN-B,3048000,23.7,109.2666667
32562,OMSK-5,3050300,55,73.4
20379,JINGYUAN-1,3054500,36.5583333,104.2080556
41445,SHUWEIHAT-1,3057400,24.1651,52.642
9594,COYOTE,3060400,47.2217,-101.8139
62961,TANGSHAN CAOFEIDIAN,3060800,38.9333333,118.5333333
58817,HOHHOT GUONENG,3060800,40.8105556,111.6522222
65514,HUIZHOU COGEN,3060900,23.0833333,114.4
45829,DONGHAE,3061000,37.497,129.1274
50365,XINLI,3071300,34.7577778,113.6486111
1132,ALTAMIRA-5,3075900,22.4,-97.9166667
31797,NOVOPOLOTSKAYA,3082700,55.485923,28.775564
20419,JISCO PLANT-1,3083600,39.7666667,98.5666667
13983,H ALLEN FRANKLIN COMBINED CYCLE,3084800,32.6094,-85.0961
24455,LANSING SMITH,3087700,30.2689,-85.7003
61035,RENGALI BHUSHAN,3090700,21.45,83.9666667
16712,HAMITABAT,3098800,41.403848,27.359181
18599,HSINKANG SK,3100400,23.1225,120.204167
33603,PANZHIHUA,3103800,26.547902,101.705386
3841,BEIJING-1,3105700,39.90749774,116.3972282
35741,PRESQUE ISLE,3112500,46.5789,-87.395
51270,YOSU,3117600,34.744167,127.737778
9626,ISALNITA,3120000,44.38568,23.71718
29064,MONEYPOINT,3120000,52.6075,-9.42267
15372,GOI,3125100,35.5166667,140.0833333
1265,AMAGER,3126400,55.68459188,12.62610255
16351,GURU NANAK DEV,3131700,30.2,74.95
58126,CAOFEIDIAN WORKS,3134800,39.6333333,118.1833333
46682,TUSIMICE,3140000,50.3825,13.33805556
10203,DAQING,3143100,46.5833333,125
41464,SIBLEY,3148300,39.1778,-94.1861
47630,VALLE DE MEXICO,3151600,19.6011111,-99.0525
38777,SAKAIKO,3155900,34.5833333,135.4666667
34688,PINGSHI,3156400,24.8,113.5833333
38779,SAKATA,3162000,38.9166667,139.855
32373,OKLAUNION,3165100,34.0825,-99.1753
49157,WEIHER,3172600,49.3166667,7.05
20846,KAKANJ,3180900,44.0955556,18.1172222
44126,TACHIBANAWAN,3183900,33.9166667,134.65
342,AES SOMERSET LLC,3184300,43.3561,-78.6039
58974,YUCI,3186500,35.502222,112.832778
70861,CLIFFSIDE 1,3189400,35.22,-81.7594
24746,LE HAVRE-II,3190000,49.49,0.13
1881,SHAZAND,3190200,33.9276,49.4116
8168,CHENTANGZHUANG,3191500,38.9713889,117.7419444
29707,MUARA KARANG,3198700,-6.1258333,106.7863889
9239,CONNAHS QUAY,3210000,53.226973,-3.07414
6615,CAIRO SOUTH,3216800,29.841441,31.300843
9020,COLBERT,3219100,34.7439,-87.8486
38566,SAGARDIGHI,3223800,24.1833333,88.2666667
21059,KAMSKY WORKS,3224400,55.725451,52.411221
5009,BOARDMAN,3233900,45.6933,-119.8056
9610,CHARLES R LOWMAN,3236800,31.4858,-87.9106
50355,XINHAI,3240300,34.731944,119.4425
21254,KARAGANDA HPS-2,3244600,49.7988889,73.0994444
41552,SIERSZA,3251500,50.15930524,19.46966171
24135,LAIWU,3253000,36.1927778,117.6569444
44420,TAMAZUNCHALE,3254000,21.2666667,-98.7833333
3187,BANIAS,3254900,35.181881,35.948709
28172,MESQUITE GENERATING STATION,3257100,33.344,-112.8535
44839,TEESSIDE,3260000,54.581131,-1.136665
22206,KINGSNORTH,3280000,51.418528,0.6038295
55858,GUANGZHOU HENYUN,3280700,23.1166667,113.25
41070,SHIJINGSHAN,3280800,39.9111111,116.1811111
49009,WATEREE (3297),3284700,33.8264,-80.6218
42523,SOUTH HUMBER BANK,3290000,53.601609,-0.144822
45366,TIANJIAAN-2,3292700,32.6263889,116.9969444
50602,YATAGAN,3297500,37.340255,28.142794
27593,MATSUURA KYUDEN,3299800,33.34423,129.707825
27905,MEHRUM,3300000,52.3150224,10.09141738
39144,SAN FILIPPO DEL MELA,3320000,38.184171,15.277686
41519,SIEKIERKI,3320000,52.189631,21.090558
64415,GUANGZHOU NANSHA,3321900,23.1534412,113.3197689
50246,WYODAK,3325700,44.2886,-105.3847
17011,HARTHA,3328800,30.534884,47.788846
46305,TRIMBLE COUNTY,3331600,38.5847,-85.4117
58816,LUOYANG YUGANG,3333300,33.621838,113.543169
64417,QIANBEI-1,3333400,27.4677778,106.2061111
26048,LUANHE,3339000,40.9725,117.9361111
36993,REID GARDNER,3341000,36.6531,-114.6364
50523,YANBU MARAFIQ-1,3348200,23.999444,38.2275
70986,CHESAPEAKE,3348800,36.7711,-76.3019
6372,BURSHTYN,3352600,49.258665,24.627765
16430,HABSHAN-4,3356900,23.942418,53.636123
880,ALCUDIA,3360000,39.810605,3.091257
49273,WERNE (GERSTEIN K),3360000,51.67344275,7.716837963
26355,M ALVAREZ (MANZANILLO),3360600,19.05011107,-104.3187904
2614,AVEDORE,3364300,55.65718641,12.47363985
51197,ZHENHAI,3379300,29.878186,121.549453
20747,KAENG KHOI-2,3384600,14.586167,100.997584
12407,EMILE-HUCHET,3387500,49.15807785,7.024126053
49153,WEIHAI,3397500,37.5016667,122.1136111
4133,BERGKAMEN,3400000,51.64103868,7.62159808
31628,NORTH OMAHA,3406600,41.3297,-95.9458
46331,TRIPOLI HOMS,3406800,32.87519008,13.18745613
27994,MELNIK 2&3,3410000,50.41388889,14.41527778
49710,WILHELMSHAVEN,3410000,53.56493407,8.146894208
37557,RIVER ROUGE,3411400,42.2733,-83.1131
21757,KEMERKOY,3416200,37.3163889,27.7838889
38914,SALTEND,3420000,53.737063,-0.238931
17213,HAYDEN,3426500,40.4856,-107.185
23315,KUNMING,3427300,25.0388889,102.7183333
45838,TONGLING,3441800,30.95,117.783333
13756,FORNEY ENERGY CENTER,3447300,32.7563,-96.4916
6935,CANE RUN,3447700,38.1828,-85.8894
33993,PECHORA,3450000,65.147165,57.224392
51176,YONGJI,3453000,34.8661111,110.4402778
4577,BIG STONE,3453900,45.3047,-96.5103
41903,SKIKDA AEC,3456800,36.876174,6.909208
11517,DURGAPUR DPL,3460900,23.25,87.85
31675,NORTHERN AUGUSTA,3462200,-32.5,137.7666667
18619,HUAIBEI,3463600,33.9744444,116.7916667
1004,ALLEN S KING,3465700,45.03,-92.7786
18654,HUANENG XINHUA DAQING,3465900,46.5833333,125
35735,PRESIDENTE JUAREZ,3468600,32.3333333,-117.0333333
70516,WABASH RIVER 1,3473800,39.53,-87.4247
15816,R D GREEN,3474900,37.6467,-87.5006
66034,SUZHOU HUIYUAN,3482600,33.6361111,116.9788889
47944,VENTANAS,3485900,-32.7275,-71.4122222
34678,PINGDINGSHAN,3487400,33.738472,113.301194
18764,HUGO,3499500,34.0158,-95.3206
20186,JEDDAH SWCC,3502600,21.516944,39.219167
26715,MAKKAH-2,3502700,21.4266667,39.8261111
38461,SABARMATI,3505300,23.0333333,72.6166667
8191,CHEROKEE,3507500,39.8034,-104.9458
51700,DATANG BAODING,3508100,38.8511111,115.4902778
25342,LINKOU,3511500,25.077768,121.393478
23974,LABUAN BANTEN,3512700,-6.3784,105.83
4474,BHUSAWAL,3517300,21.0166667,75.5666667
37027,REMBANG,3521900,-6.7036,111.3416
5204,BONANZA,3524000,40.0864,-109.2844
44315,TAKHIATASH,3526800,42.4530556,59.6102778
18871,HUNTLY,3528500,-37.55,175.1666667
18946,HWANGE,3531600,-19.1666667,26.5
18666,HUANENG RUIJIN,3547300,28.041259,116.799713
31656,NORTH VALMY,3551300,40.8831,-117.1542
70445,TURKEY POINT,3554800,25.43416667,-80.33055556
63926,KAWASAKI-2 TEPCO,3554900,35.5205556,139.7172222
19565,IRKUTSK-10,3557900,52.536667,103.886389
1258,WILLIAMS (3298),3562700,33.0163,-79.9285
45633,TOCOPILLA,3564200,-22.09198,-70.19792
1305,AMBARLI CC,3564400,40.98271668,28.72315407
15057,GIBBONS CREEK,3565800,30.6167,-96.0778
8697,CILACAP SUMBER,3566700,-7.6991667,109.4886111
58268,BAOTOU OLEFINS,3588100,40.6522222,109.8222222
16743,HAMMOND,3603800,34.2533,-85.3456
7484,CAYIRHAN,3613900,40.098056,31.673191
29136,MONTALTO DI CASTRO,3614300,42.35042,11.606952
18671,HUANENG XINDIAN,3616400,36.7905556,118.0633333
9683,CRIST,3623500,30.5661,-87.2289
51070,ZOUK MIKHAIL,3625200,33.969167,35.603333
1003,G G ALLEN,3640700,35.1897,-81.0122
51171,YUSHE,3645600,35.502222,112.832778
50068,WOOD RIVER,3648300,38.8639,-90.1325
30665,NAVOI,3658900,40.084444,65.379167
31687,NORTHSIDE GENERATING STATION,3660000,30.4172,-81.5525
22602,KOGAN CREEK,3662500,-26.85,150.7833333
17557,HERNE,3664300,51.55,7.2166667
21657,KAZERUN,3664800,29.619491,51.654147
47493,VADO LIGURE,3670000,44.276667,8.430833
44474,TANDA,3675200,28.9833333,78.9333333
29297,MONTROSE,3677200,38.3108,-93.9331
51773,LONGKOU DONGHAI,3681500,37.5333333,121.4
51285,ZHUZHOU-2,3687400,28.2,112.9666667
12737,ESFAHAN,3690000,32.657218,51.677608
17454,HEMWEG,3690000,52.40535,4.84664
4022,BENGHAZI NORTH,3692000,32.116667,20.066667
3251,BAOTOU-1,3698100,40.6522222,109.8222222
20472,JOHN SEVIER,3713200,36.3767,-82.9639
24293,LAMBTON,3731600,42.7961,-82.4697
20429,J K SPRUCE,3737200,29.4241219,-98.4936282
20425,JIZAN CENTRAL,3737900,16.8891667,42.5511111
71272,H.  L.  CULBREATH BAYSIDE,3745700,27.9072,-82.4231
16506,WUHAI HAINAN,3749000,39.664722,106.812222
24690,LAWRENCE ENERGY CENTER,3762900,39.0072,-95.2692
13305,FENYI,3769200,28.603328,117.761847
18650,HUANENG BEIJING,3770000,39.8786111,116.5422222
30113,NABEREZHNYE-CHELNY,3774700,55.725451,52.411221
51979,HESHUYUAN,3784300,24.297687,116.107241
50196,WULASHAN,3785700,40.665,108.744722
36849,RDK (KARLSRUHE),3790600,49.0047222,8.3858333
10136,DAMIETTA,3800900,31.4,31.8
2657,AVTO VAZ TETS,3802100,53.5303,49.3461
18657,HUANENG HAINAN EAST,3807200,18.41451,109.623964
66086,HUANENG CHANGCHUN,3807200,43.88,125.3227778
20532,JORGE LACERDA,3827600,-28.44472222,-48.95777778
30083,MYSTIC GENERATING STATION,3839900,42.3917,-71.0667
51142,BOKARO,3853200,23.7833333,85.9666667
960,ALI-BAYRAMLY,3853900,39.937877,48.928554
25741,LONGKOU,3860500,37.5333333,121.4
5809,BRINDISI NORD,3868700,40.627731,17.936815
70914,SEWARD (3130),3869400,40.4081,-79.0339
39305,SAN MIGUEL,3872100,28.7044,-98.4781
10018,DAHANU,3889400,19.2,72.9666667
20339,JILIN LONGTAN,3889900,42.469547,129.001078
6368,BURSA OVAAKCA,3892400,40.297617,29.059023
10420,DEENBANDHU CHHOTU RAM,3893100,30.1,77.2833333
51265,ZHANGQIU,3895800,36.7166667,117.5
48464,VOERDE,3900000,51.6034213,6.657918966
19401,INKOO,3904900,60.0458715,24.00459051
18697,HUANGTAI,3905000,36.6683333,116.9972222
29467,MOSCOW-27,3905800,55.91163,37.730757
63729,TAIYUAN-2,3908100,37.726944,112.470833
20285,JIAMUSI-2,3909600,46.8333333,130.35
46702,TUZLA,3912400,44.5427778,18.6694444
40851,NANSHAN TOKAI,3913100,37.6508333,120.3286111
18833,DATANG HUICHUN,3914900,42.8675,130.358056
18720,HUAYINGSHAN,3919300,31.215921,107.500922
25327,LINGAN,3927500,46.2358,-60.039
24056,LAGISZA,3930000,50.32606664,19.12565231
30409,XUZHOU SUYUAN,3938500,34.180454,117.15707
3988,BELOVO,3940600,54.4165,86.2976
50567,YANSHI,3950100,34.7155556,112.8094444
27560,MATOU,3951400,36.6005556,114.4677778
17614,HEYDEN,3960000,52.38279238,8.996004114
8183,CHEREPETS,3960800,54.1223,36.496566
44355,TALCHER,3968500,20.85,85.1
6117,BUDGE BUDGE,3976900,22.4747222,88.1702778
70509,HARDING STREET,3988500,39.7119,-86.1975
24896,LEIYANG,4005000,26.402382,112.859078
7816,CHALK POINT LLC,4012400,38.5444,-76.6861
18696,HUANGSHI,4033900,39.8836111,117.0855556
19001,IATAN,4034200,39.4472,-94.98
51257,ZHENGZHOU,4040000,34.7577778,113.6486111
58460,YONGFU,4040100,25.004025,109.981848
28862,MOBIN COMPLEX,4057800,27.4761,52.6074
13508,FIUME SANTO,4060000,40.851667,8.299167
242,ADAMOW,4070000,52.012222,18.546111
26685,MAIZURU,4077600,35.45,135.3333333
35597,POWER PLANT-4,4078000,47.90771257,106.8832397
14374,FUSHUN,4087400,41.8558333,123.9233333
6497,CA MAU,4100700,9.1769444,105.15
45443,TILBURY,4124600,51.4552782,0.39013815
22107,KILLEN STATION,4131800,38.6903,-83.4803
43986,SWANBANK,4132500,-27.6166667,152.7666667
70443,FORT MYERS,4139600,26.6967,-81.7831
2930,BAIYANGHE,4142200,36.4833333,117.8333333
54927,ZHEJIANG TAISHAN,4149900,27.722782,120.16292
46235,TRENTON CHANNEL,4151200,42.1236,-83.1811
44424,TAMBAK LOROK,4151600,-6.9932,110.4203
13810,FORT MARTIN POWER STATION,4176000,39.7107,-79.9275
14576,HENAN SHENHUO,4178300,33.9361111,116.3641667
42445,SOSTANJ,4178500,46.38,15.048611
33695,PARICHHA,4179800,25.4333333,78.5833333
34768,PIRKEY,4182600,32.4607,-94.4852
9960,DABHOL,4184900,16.9833333,73.3
40987,SHENGLI,4204800,37.4563889,118.4855556
10288,DATONG-1,4205600,40.039522,113.604551
35300,POPLAR RIVER,4215000,49.0472,-105.4883
4841,BLACK POINT,4218400,22.408076,113.901234
42479,SOUTH BANGKOK,4218800,13.6325556,100.6556667
36216,QINLING,4229600,39.188781,113.364531
36894,RED HILLS GENERATING FACILITY,4248100,33.3761,-89.2183
37618,RIYADH CITY-09 A&B,4250000,24.68773227,46.72184944
30681,NAZAROVO,4261000,56.0063889,90.3913889
50557,YANGZHOU-1 1,4266100,32.3972222,119.4358333
27672,MAYO,4270600,36.5278,-78.8917
42761,SREDNEURALSKAYA,4275600,57.919444,59.965
58989,DUSHANZI,4284400,44.3333333,84.85
14378,A PALLADIO (FUSINA),4300000,45.431389,12.245833
11798,EDGEWATER (4050),4312600,43.715,-87.7094
20314,JIAOZUO,4334900,35.2397222,113.2330556
71157,GEORGE NEAL SOUTH,4345700,42.3022,-96.3622
17197,HAWTHORN,4349000,39.1306,-94.4778
33095,OTTUMWA (6254),4353400,41.0961,-92.5556
15048,GHORASAL,4368400,23.9208333,90.7180556
16356,GUSINOZERSK,4381600,51.2833333,106.5
52248,WUXIANG,4396800,36.842778,112.854167
21741,KELVIN,4399800,-26.10858718,28.23769569
1423,AMYNTAIO,4400000,40.618684,21.682342
48865,WANG NOI,4409600,14.226889,100.7155
28503,MILLMERRAN,4419000,-27.8666667,151.2666667
37793,RODEMACHER,4421900,31.395,-92.7167
62922,LANZHOU LANLV,4429000,36.0563889,103.7922222
13352,FERRYBRIDGE,4430000,53.716748,-1.281743
18662,HUANENG JINING,4450700,35.405,116.5813889
11626,EAST BEND,4453100,38.9031,-84.8511
14791,GEBZE INTERGEN,4454600,40.7805556,30.4033333
10637,DETMAROVICE,4458700,49.89411622,18.46079268
27888,MEGALOPOLIS,4460000,37.418129,22.108283
24469,LANZHOU XIGU,4460200,36.0563889,103.7922222
36205,QINGSHAN,4468100,36.694444,114.196389
64680,DIANDONG YUWANG,4491000,24.806499,102.4374965
19877,IZMIR INTERGEN,4500800,38.79975,26.972026
44879,TENGZHOU XINYUAN,4503500,35.9005556,117.7519444
31586,NORTH CHENNAI,4509700,13.09,80.1536111
78404,FENGHE,4518200,36.6816667,114.025
24720,LAZISKA,4520000,50.133694,18.846472
26248,DATANG LUOYANG,4521800,34.6836111,112.4536111
6730,CALLIDE,4529700,-24.4166667,150.5
488,AHVAZ-RAMIN,4532200,31.3203,48.6693
14376,FUSHUN CPI,4534800,39.564832,122.435703
62914,HUZHOU,4538900,29.248514,104.972074
29729,MUDANJIANG-2,4552800,44.5833333,129.6
30947,NEVINNOMYSSK SDEPS,4556000,44.6333,41.9444
36225,QISHUYAN,4557200,31.7313889,120.0561111
9493,COSTANERA,4557600,-34.61314881,-58.37722778
65511,DATANG BINCHANG,4561100,35.387154,111.24613
58131,KORBA BALCO-I,4569600,22.35,82.6833333
49066,WAUKEGAN,4576500,42.3833,-87.8133
43107,STAUDINGER,4580000,50.0876486,8.953481922
6731,CALLIDE C,4587800,-27.46793573,153.0280924
42298,SOMA,4592800,39.185535,27.609449
59332,JIANGSU NANRE,4596100,32.0616667,118.7777778
23050,KRASNOYARSK-2 SDPP,4604300,56.1147222,94.5861111
7631,RIO BRAVO,4606100,25.8,-97.8
10998,DOHA EAST,4607200,29.3677778,47.81
50187,HUADIAN WUHU,4617600,31.336571,118.375483
62964,MA'ANSHAN DANGTU,4617600,31.695678,118.498248
32000,SOUTH OAK CREEK,4643000,42.8457,-87.8294
22907,KOT ADDU,4645000,30.469197,70.967141
8981,COFFEEN,4645400,39.0586,-89.4031
17905,HITACHINAKA,4658800,36.5512975,140.528207
23505,KWINANA,4666200,-32.25,115.7666667
58451,HUADIAN LAIZHOU,4684800,37.5333333,121.4
78402,NANYANG TIANYI,4689300,32.9947222,112.5327778
33356,PAITON PLN,4699500,-7.7543,113.2159
3260,BAQIAO,4699900,38.17,113.07
50191,WUJING-2,4705300,31.05861111,121.4655556
20576,J T DEELY,4707900,29.4241219,-98.4936282
50605,YATES,4711900,33.4622,-84.8986
4773,BITOLA,4719500,41.0311111,21.3402778
26297,LUZHOU CHUANNAN,4723500,28.872391,105.44049
48958,WARRICK,4730000,37.915,-87.3328
59331,ZHANGJIAGANG SHAZHOU,4736800,31.865,120.5388889
65486,BAOTOU HEXI,4736800,40.6522222,109.8222222
9491,COSTA SUR,4737200,18.0191314,-66.791842
53049,DABA-2,4737700,37.8833333,105.9
54550,ZHOUSHAN,4743100,27.722782,120.16292
51782,KANSHAN,4747100,34.4327778,117.4419444
29463,MOSCOW-22,4751900,55.629448,37.856545
45764,TOM-USINSKAYA,4756000,53.7557,87.1099
55193,ZHANJIANG AOLIYOU,4756900,21.280165,110.3521798
58875,DATANG JINGTAI,4762400,36.5583333,104.2080556
54743,YUNCHENG,4765500,35.0230556,110.9927778
52469,SHANXI FUGU,4765500,37.1166667,113.6333333
44688,TASHAN,4765500,40.039522,113.604551
31822,NOVOSIBIRSK-5,4765500,55.0415,82.9346
58458,MINQUAN,4766600,34.45,115.65
66085,LUIOYANG MENGJIN,4766600,34.6836111,112.4536111
78403,GUOHUA TAICANG,4770600,31.447778,121.093889
16207,GUDDU,4780000,28.4333333,69.5833333
53901,KANGPING,4786600,42.739167,123.349444
17621,HEYUAN SHENZHEN,4788900,21.474941,110.87442
62955,NANJING XIAGUAN,4790600,32.0616667,118.7777778
47989,VERKHNETAGILSK,4791600,57.919444,59.965
51476,HUANENG TONGCHUAN,4791700,35.2663889,111.875
52577,NINGDONG MALIANTAI,4793500,38.2516667,106.5644444
17264,HEBEI LONGSHAN,4801000,40.7769444,115.5713889
56021,ZHENGZHOU CITIC,4804300,34.7577778,113.6486111
55730,HUOLINHE,4808300,45.535385,119.666983
718,AL-JUBAIL SWCC,4830900,27.011222,49.658255
39453,SANFORD (620),4839400,28.8419,-81.3256
50554,YANGZHONGHAI,4841800,25.0388889,102.7183333
23339,KURAKHOV,4846100,48.030693,37.372813
50392,XUZHOU GUOHUA,4849900,34.180454,117.15707
28724,MISUMI,4849900,34.7666667,131.9666667
47022,UMM AL NAR WEST,4852300,24.437548,54.490967
17815,HINES ENERGY COMPLEX,4854800,27.7886,-81.8694
40950,SHEERNESS,4863300,51.5317,-111.7861
18682,HUANGGANG DABIESHAN,4875100,39.6333333,118.8166667
24900,LELAND OLDS,4889600,47.2819,-101.3194
20797,KAIFENG-2,4890600,34.7911111,114.3483333
43083,STAROBESHEV,4890700,47.805909,38.021118
20298,HUANENG JINLING,4890900,32.135189,118.940074
26247,LUOYANG SHOUYANGSHAN-3,4907300,34.7155556,112.8094444
10282,DATANG SANMENXIA,4907500,34.7747222,111.1813889
56911,HUANENG CHAOHU,4910200,29.846568,116.145544
16767,HANCHENG-2,4912000,36.6333333,112.2
55290,SHANWEI HONGHAIWAN,4912500,21.9520131,113.6781986
20647,JUNLIANGCHENG,4922200,39.1422222,117.1766667
58455,HUADIAN CHANGSHA,4922600,28.2,112.9666667
16228,GUIGANG,4923000,23.0963889,109.6091667
50293,XIANGFAN-2,4923000,38.1822222,116.1108333
52937,ZHUANGHE,4923600,39.681542,123.202099
17233,HAZELWOOD,4928300,-38.2333333,146.4
18688,HUANGJINBU,4938200,28.479217,116.802864
36224,QINZHOU,4944100,21.95,108.6166667
16149,GUANGDONG HUILAI,4944100,22.999223,116.528728
50568,YANTAI,4944800,37.5333333,121.4
50559,YANGZHOU-1 2,4946900,32.3972222,119.4358333
27275,MARITZA EAST-3,4950000,42.131905,26.000517
11232,DOUHE,4951800,39.6333333,118.1833333
25134,LIAOCHENG,4954300,36.4438889,115.9647222
55902,HUADIAN SUZHOU,4956200,29.814912,117.866727
56589,JINWAN,4958800,22.842691,111.563933
18624,HUAINAN TIANJI,4958800,32.6263889,116.9969444
36027,PULAU SERAYA,4959300,1.3341667,103.7227778
38218,RUGELEY B,4960000,52.7568923,-1.9214401
14399,FUYANG HUAREN,4965600,32.9833333,115.85
58443,TONGLING GUODIAN,4970900,30.95,117.783333
41055,SHIDONGKOU-2,4971800,31.46361111,121.4041667
16792,HANFENG,4977100,36.6005556,114.4677778
11034,DOLNA ODRA,4980000,53.205776,14.466333
62714,GUODIAN CHANGZHOU,4987000,31.64614794,120.7422137
66084,XUANGANG,4989500,40.039522,113.604551
58468,SHANGQIU,4992400,34.45,115.65
78398,HUBEI XISAISHAN,4992400,37.1761111,114.3483333
27587,MATSUSHIMA,5003200,32.925,129.6141667
7895,CHANGCHUN,5004400,43.88,125.3227778
56494,FUZHOU JIANGYIN,5010300,26.0613889,119.3061111
18729,HUB RIVER,5015000,26.2271,66.3111
17314,HEGANG,5018400,47.4,130.3666667
41054,SHIDONGKOU-1,5019700,31.46361111,121.4041667
62967,HANG HAU LONGYAN,5023600,25.388079,116.585169
9955,DABA-1,5026900,37.8833333,105.9
35900,PTOLEMAIS,5030000,40.47927838,21.72803194
4104,BEREZOVSKAYA SDPP,5031900,45.1330556,41.2666667
9345,CORDEMAIS,5040000,47.29,-1.83
26900,MANATEE,5047700,27.6058,-82.3456
30640,NAUGHTON,5067000,41.7572,-110.5986
50344,XINBAO-2,5073200,47.3408333,123.9672222
25781,LOPEZ MATEOS (TUXPAN),5075200,20.95,-97.4
25414,LITORAL DE ALMERIA,5090000,36.980187,-1.903682
49634,WIDOWS CREEK,5097300,34.8825,-85.7547
123,ABERTHAW,5100000,51.387477,-3.406751
38113,ROVINARI,5110000,44.913425,23.1336749
50546,YANGQUAN,5119500,37.8575,113.563333
31388,NIZHNEVARTOVSK,5124600,60.9344,76.5531
44248,TAIYI,5128700,36.6,112.7166667
71120,LOUISA,5137400,41.3153,-91.0936
41993,SLAVYANSK,5140900,48.8666667,37.6166667
9136,COMANCHE (470),5145500,38.2081,-104.5747
20416,JIUJIANG,5146000,29.733333,115.983333
3585,BATTLE RIVER,5147600,52.5647,-112.1414
34212,PEREZ RIOS (TULA),5163600,20.05,-99.35
13239,FEIXIAN,5166800,35.0630556,118.3427778
10777,DIDCOT,5170000,51.622252,-1.260817
7931,CHANGZHOU-1,5171600,31.64614794,120.7422137
51354,ZHANJIANG,5172600,21.280165,110.3521798
18609,HUADIAN BAOTOU,5177600,40.6522222,109.8222222
20370,JINGLONG FENGZHEN,5179000,40.439444,113.153611
43586,SUGOZU,5180500,36.77386,35.792973
15508,GORGAS,5186000,33.6446,-87.2003
20485,JOHNSONVILLE (3406),5197100,36.0278,-87.9861
11768,E D EDWARDS,5207500,40.5958,-89.6631
44250,TAIYUAN-1,5211300,37.726944,112.470833
2207,AS PONTES,5220000,43.443333,-7.860833
16839,HANCHUAN,5229100,38.0380556,115.9772222
43510,SUAL,5236900,16.066817,120.094136
20308,JIANGYOU,5248300,31.7666667,104.7166667
43602,SUIZHONG,5252700,40.07944444,120.0080556
13296,FENGZHEN,5253200,40.439444,113.153611
7494,CAYUGA,5260900,39.9239,-87.4272
45379,TIANSHENGGAN,5265400,32.0302778,120.8747222
45163,ALLEN STEAM PLANT,5304400,35.0742,-90.1439
26132,LUGANSK,5320900,48.567046,39.31706
3248,BAOSHAN WORKS,5332900,31.2222222,121.4580556
41069,HUADIAN SHIJIAZHUANG,5339300,38.0413889,114.4786111
11839,EEMS,5340000,53.4343,6.87292
18610,HUADIAN SHIMEN,5356300,27.5808333,110.0194444
71119,SANDOW NO 4,5377600,30.5642,-97.0639
36330,QUJING,5378400,25.4833333,103.7833333
49100,WALTER C BECKJORD,5381000,38.9917,-84.2981
2807,BADARPUR,5391500,28.5166667,77.3333333
42378,XIAMEN SONGYU,5410500,24.479794,118.081869
50622,YAXI,5414700,27.6866667,106.9072222
50292,XIANGFAN-1,5443700,38.1822222,116.1108333
40819,SHAJIAO-A,5444400,23.0488889,113.7447222
8898,CLOVER,5445900,36.8692,-78.7046
17481,HENGSHUI,5448500,37.7322222,115.7011111
17313,HEFEI-2,5450300,31.874161,117.451861
65485,HOHHOT ALUMINUM,5451900,40.8105556,111.6522222
13386,FIDDLERS FERRY,5470000,53.3733792,-2.6883716
30676,NAYONG-1,5472700,27.3125,105.2941667
24129,LAICHENG,5472900,36.1927778,117.6569444
16869,HARBIN-1,5477200,45.75,126.65
11869,EGGBOROUGH,5480000,53.713731,-1.125276
43918,CHANGSHU-1,5485000,31.64614794,120.7422137
32121,OBRA,5489200,24.4166667,82.9833333
11684,EASTLAKE,5492100,41.6713,-81.4432
36796,RAYALASEEMA,5507000,14.4666667,78.8166667
35874,PRYDNIPROVSKA,5508700,48.45,34.9833333
18675,HUANENG YUEYANG,5520900,29.3333333,113.0919444
44306,TAKEHARA,5524400,34.8666667,133.1666667
48885,WANGTING,5528300,31.3113889,120.6180556
57274,JIANGYIN SULONG,5545700,31.928249,120.312567
17657,HIGASHI NIIGATA CC,5548600,37.9166667,139.0666667
20351,JIMAH,5553700,2.5228,101.7959
16350,GURU HARGOBIND,5553900,30.2,74.95
51158,ZHUHAI GZP,5554400,21.96777778,113.1822222
51322,ZHUJIANG-2,5566400,23.1166667,113.25
20174,JEBEL ALI L,5566700,25.012788,55.04947
41415,SHUANGLIAO WEST,5570300,42.637097,126.985504
9041,COLETO CREEK,5570900,28.7128,-97.2142
30677,NAYONG-2,5578000,27.3125,105.2941667
41272,SHINKO KOBE,5580400,34.691304,135.182995
51263,ZUNYI,5589800,27.6866667,106.9072222
36180,QIANBEI-2,5610300,27.4677778,106.2061111
14303,FULAERJI,5617300,47.3408333,123.9672222
16515,HUANENG HAIKOU,5623000,20.0458333,110.3416667
21857,KERMAN,5627700,30.181128,56.802001
50904,ZAWIA,5649600,32.757102,12.727639
20140,JAWORZNO-III,5650000,50.207778,19.209722
11023,DOLET HILLS,5655400,32.0306,-93.5692
30375,NANAO-OHTA,5656700,37.05,136.9666667
49719,WILL COUNTY,5658000,41.6334,-88.0626
22882,KOSOVO,5672700,42.67675,21.0867
21410,KASHIMA TEPCO,5686300,35.8968455,140.6666595
58872,DATANG XUTANG,5694900,34.4666667,117.9666667
40992,SHENTOU-1,5700800,39.36888889,112.5552778
10000,DAFANG,5701900,27.1488889,105.6019444
40153,SCHOLVEN,5730000,51.60236802,7.009894096
46486,TUAS,5730600,1.3213889,103.6566667
58971,DATANG ANYANG,5738500,36.0994444,114.3288889
34941,PLEASANTS POWER STATION,5745600,39.3668,-81.2944
29777,MUJA,5746700,-33.3666667,116.15
1339,AMER,5750000,51.70948,4.84284
42179,SODEGAURA TEPCO,5759900,35.673447,140.022924
36198,QINGDAO,5764800,36.0986111,120.3719444
78401,WANQINGSHA,5811800,22.937356,113.36063
1533,ANEGASAKI,5815700,35.5166667,140.0833333
12215,EL-NUBARIA,5848800,31.2,29.9
49241,WENZHOU-2,5849700,27.985,120.9636111
46462,TSURUGA HOKURIKU,5860700,35.644702,136.07641
10006,TIANJIN DAGANG,5881400,39.1422222,117.1766667
50394,XUZHOU HUAJING,5885900,34.180454,117.15707
28066,MERAMEC,5907200,38.4017,-90.3358
7767,STANTON ENERGY CENTER,5930600,28.4836,-81.1686
49875,WINYAH,5932800,33.3303,-79.3611
17367,HEJIN,5934800,35.58,110.6997222
20380,JINGYUAN-2,5940200,36.5583333,104.2080556
10307,DAVE JOHNSTON,5940400,42.8378,-105.7769
20407,JINZHUSHAN,5944400,25.941667,112.109444
9416,CORONADO,5950700,34.5778,-109.2717
39488,SANHE,5956100,39.9838889,117.0708333
18665,HUANENG NANTONG,5959200,31.75694444,120.9752778
36201,QINGHE,5973000,42.2930556,123.8413889
16464,HADJRET EN NOUSS,5982100,36.605,2.190833
41759,SIOUX,5983100,38.9158,-90.2917
29647,MILTON R YOUNG,6014500,47.0664,-101.2139
30440,NANTICOKE,6015400,42.8,-80.05027778
35099,POLANIEC,6020000,50.438088,21.336805
6614,CAIRO NORTH-2,6023900,30.06263142,31.24966621
21693,KEEPHILLS,6024100,53.4487,-114.4491
49456,WESTON (4078),6045700,44.8606,-89.6553
3640,BAYJI,6046100,34.931139,43.486996
36011,PUKCHANG,6069100,39.5722222,126.2975
40111,SCHKOPAU-II,6070000,51.39845463,11.9504201
4570,BIG SANDY,6071700,38.1707,-82.6176
11978,EKIBASTUZ-2,6085000,51.6666667,75.3666667
33864,PATNOW,6100000,52.305487,18.231726
24024,LADYZHYN,6121200,48.684962,29.236785
28213,METTUR,6126600,11.65,78.1666667
8453,CHITA,6129000,35.002668,136.864205
41392,SHOUBRAH EL-KHEIMA,6149900,30.06263142,31.24966621
31718,NOSHIRO,6163900,40.2038889,140.0241667
44523,TANJUNG JATI-B,6169200,-6.5924,110.671
40849,SHANDONG LINENG,6186000,35.5966667,116.9911111
20189,JEDDAH-3,6198200,21.516944,39.219167
18652,HUANENG DALIAN,6214300,38.9122222,121.6022222
18655,HUANENG FUZHOU,6221100,26.730833,117.468333
29378,MORGANTOWN GENERATING PLANT,6225500,38.3592,-76.9767
38855,SHAHID SALIMI (NEKA),6245200,36.650786,53.299048
14559,GANDHINAGAR,6245300,23.2166667,72.6833333
8262,CHIBA CITY,6249600,35.604722,140.123334
16940,HARLLEE BRANCH,6287900,33.1942,-83.2994
44694,TASHKENT-1,6323700,41.26464644,69.21627045
27415,MARY,6326600,37.593785,61.830308
40563,SENOKO,6344200,1.465,103.7994444
361,AFSIN-ELBISTAN-A,6357800,38.247693,36.91399
22282,KIRISHI SDPP,6364400,59.447119,32.020494
30598,NASIK,6370900,19.9833333,73.8
21338,KARMANOVO,6377600,56.091991,54.270319
21965,KHAPERKHEDA,6401200,20.9333333,77.75
40804,SHAHID M MONTAZERI,6401400,32.657218,51.677608
22813,KORADI,6415200,21.25,79.1
48810,WALLERAWANG,6439900,-33.4166667,150.0666667
26160,LUKOML,6446500,54.66191804,29.15016174
50190,WUJING-1,6454200,31.05861111,121.4655556
27936,MEJIA,6514200,23.46305556,87.13083333
33354,PAITON-I,6541500,-6.9799,110.6726
9223,CONESVILLE,6545600,40.1842,-81.8811
26372,MA'ANSHAN,6553700,31.695678,118.498248
30796,R S NELSON,6581700,30.2861,-93.2917
16870,HARBIN-3,6600600,45.75,126.65
22824,KORBA WEST,6612000,22.35,82.6833333
18861,HUNTINGTON,6622600,39.3792,-111.0781
35780,PRIMORSK SDEPS,6635200,46.4763889,134.2569444
15201,GKM,6640000,49.4420248,8.49366969
35021,POCERADY,6680000,50.42658056,13.67728333
33355,PAITON-II,6692400,-7.2491667,112.7508333
33736,PARLI,6708800,18.85,76.5333333
22896,KOSTOLAC,6712000,44.711944,21.168889
25461,LIULIN,6727400,37.453327,110.901887
20492,JOLIET 29,6752800,41.4947,-88.125
17484,HENGYUN,6764900,22.850094,112.143458
70524,GEORGE NEAL NORTH,6772400,42.2996,-96.3634
58444,NANJING BANQIAO,6775800,32.656091,120.537235
5600,BRANDON SHORES,6785300,39.1792,-76.5383
5386,CLAY BOSWELL,6808000,47.2603,-93.6531
52569,BINZHOU WORKS,6818200,37.3666667,118.0166667
20529,JORF LASFAR,6820400,33.254916,-8.506022
20371,JINGMEN,6826400,37.9980556,114.0155556
50737,YOKOHAMA,6855700,35.447778,139.6425
7922,CHANGXING,6877400,31.006111,119.903611
3154,BANG PAKONG,6912400,13.542972,100.993333
5657,BRAYTON POINT,6916800,41.7125,-71.1914
46963,ULSAN,6938500,35.5372222,129.3166667
27561,MATRA,6940000,47.789759,20.066722
40504,SEMINOLE (136),6941900,29.7333,-81.6339
14489,GALLATIN (3403),6945900,36.3156,-86.4006
48900,WANSLEY,6964900,33.4124,-85.0345
20545,JOSE LOPEZ PORTILLO,6965400,28.3333333,-100.85
41183,SHIN NAGOYA,6973900,35.1814728,136.9064096
17623,HEZE,7022400,35.2430556,115.4411111
22821,KORBA EAST,7044700,22.35,82.6833333
35481,PORTO TOLLE,7047600,44.949686,12.324526
42404,SOONER,7054100,36.4537,-97.0527
30696,NCTPP (DADRI),7071600,28.6666667,77.4333333
60567,TAICANG XIEXIN,7071700,31.58472222,121.2569444
11845,EESTI,7080000,59.274378,27.901244
23513,KYGER CREEK,7115700,38.9161,-82.1281
51019,W H ZIMMER,7121300,38.8689,-84.2286
9119,COLUMBIA (8023),7135500,43.4864,-89.4203
36458,TAMNAR,7155000,21.9,83.4
3121,BANDAR ABBAS,7157800,27.1865,56.2808
44704,DATAN (TW),7167600,23.397869,121.360305
45369,TIANJIN BEIJIANG,7172700,38.9713889,117.7419444
26027,LOY YANG B,7181400,-38.25444444,146.5769444
42814,ST CLAIR,7183000,42.7625,-82.4722
18680,HUANGDAO,7197300,36.0375,120.2069444
62830,SHIN ISOGO,7221800,35.447778,139.6425
38356,RYBNIK,7240000,50.13333,18.52361
70882,MUSKINGUM RIVER,7252600,39.5908,-81.6797
45746,TOLK,7254400,34.1847,-102.5686
49313,WEST BURTON,7260000,53.360733,-0.811551
5433,BOUNDARY DAM,7264200,49.0422,-103.0323
41763,SIPAT,7283000,22.0833333,82.15
36215,QINHUANGDAO-2,7300300,39.9316667,119.5883333
18267,HONGYANCHI-2,7374700,43.8,87.583333
18659,HUANENG HUAIYIN,7382800,33.5886111,119.0191667
25727,LONGANNET,7390000,56.04888889,-3.6825
32668,OPOLE,7410000,50.751825,17.881965
41721,SINES,7413100,37.93061802,-8.806990854
22153,KINCAID GENERATION LLC,7483000,39.5906,-89.4964
8522,CHOLLA,7509800,34.9394,-110.3033
49151,WEIFANG,7569100,36.71,119.1019444
30995,NEW MADRID,7575300,36.5147,-89.5617
30722,NEBRASKA CITY,7576400,40.6215,-95.7765
46363,TROMBAY,7584900,19.01441002,72.84793854
41668,SIMHADRI,7589800,17.7,83.3
2967,BAKRESHWAR,7606200,23.8833333,87.3666667
18656,HUANENG HAIMEN,7609000,23.18805556,116.6538889
36730,RATCLIFFE,7610000,52.86527778,-1.255
362,AFSIN-ELBISTAN-B,7616400,38.247693,36.91399
48440,VICTOR J DANIEL JR,7626600,30.5335,-88.5574
20520,JOPPA STEAM,7636200,37.2103,-88.8606
25500,LIYUJIANG-2,7649400,25.8,113.0333333
16328,GUODIAN TAIZHOU,7653700,32.18722222,119.9163889
56414,ZHANGSHAN,7660100,36.045833,113.044167
11001,DOHA WEST,7663200,29.3677778,47.81
51042,ZMIIVSKA,7664300,46.867656,33.583913
15789,GRDA,7665400,36.1859301,-95.3430239
18661,HUANENG JINGGANGSHAN,7667300,27.117158,114.979267
58452,DATANG XINXIANG,7701000,35.3088889,113.8672222
50301,XIANGTAN,7719200,27.85,112.9
16970,HARRINGTON,7738100,35.2972,-101.7475
17974,HO-PING,7745000,23.8471,120.5776
26246,LUOYANG SHOUYANGSHAN,7758800,34.7155556,112.8094444
45279,THOMAS HILL,7770200,39.5531,-92.6392
62711,SHANGHAI CAOJING,7787400,30.920248,121.251994
28124,MEROM,7789300,39.0694,-87.5108
18612,HUADIAN XINXIANG BAOSHAN,7801900,35.3088889,113.8672222
50702,YIYANG,7806600,28.5891667,112.3283333
11735,E C GASTON,7814300,33.2442,-86.4567
45786,TOMATOATSUMA,7828500,42.6369444,141.6033333
36726,RATCHABURI,7853400,13.536711,99.817117
27379,MARTIN,7874800,27.0536,-80.5628
17960,H L SPURLOCK,7886900,38.7,-83.8175
46634,TURCENI,7894500,44.66972222,23.40777778
21420,KASHIRSKAYA,7923700,54.8444444,38.1669444
38473,SABIYA,8032800,29.769722,48.255556
20406,JINZHOU,8067500,41.1077778,121.1416667
36227,QITAIHE,8070600,45.8,130.85
47044,UNCHAHAR,8090600,25.9,81.3
40889,SHANXI ZHAOGUANG,8093000,36.0888889,111.5188889
50575,YAOMENG,8142800,33.738472,113.301194
34232,PERM SDPP,8166100,52.4166667,43.3833333
65321,JHARSUGUDA CPP,8176200,21.85,84.0333333
22908,KOTA,8177800,25.1833333,75.8333333
31806,NOVOCHERKASSK GRES,8183000,47.235627,39.712193
40821,SHAJIAO-C,8187200,23.0488889,113.7447222
42857,ST JOHNS RIVER POWER PARK,8245600,30.4311,-81.5508
7089,CARBON-II,8270200,28.3333333,-100.85
34933,PLEASANT PRAIRIE,8289300,42.5381,-87.9033
44520,TANJUNG BIN,8352900,1.3342,103.5472
22664,KOLAGHAT,8363500,22.3755556,88.7363889
38277,RUSH ISLAND,8365900,38.1306,-90.2625
70988,TRANSALTA CENTRALIA GENERATION,8372600,46.7559,-122.8578
20593,JUBAIL IWPP,8398400,27.011222,49.658255
31069,NEWTON,8405200,38.9361,-88.2778
35631,PPL BRUNNER ISLAND,8417900,40.097,-76.6962
22921,KOTHAGUDEM,8421100,17.25,80.15
39925,SATPURA,8428600,21.9152778,77.8961111
43121,STAVROPOL GRES,8429100,45.3179,41.5407
20171,JEBEL ALI,8429800,25.012788,55.04947
46353,TROITSK GRES,8452600,54.03694444,61.64722222
37629,RIZHAO,8455900,35.4275,119.4552778
1698,ANTELOPE VALLEY,8499300,47.3714,-101.8344
40929,SHAWNEE (1379),8511200,37.1517,-88.775
70876,MIAMI FORT,8518800,39.1131,-84.8031
19552,IRIKLINSK,8553400,51.6739,58.6405
29604,MOUNTAINEER,8587400,38.9794,-81.9344
9523,COTTAM,8590000,53.30333333,-0.780555556
41064,SHIHENG-2,8592600,35.2605556,117.9675
47612,VALES POINT,8593900,-33.1666667,151.5333333
40993,SHENTOU-2,8605600,32.18722222,119.9163889
51148,SURATGARH,8606400,29.3166667,73.9
18072,HOHHOT POWER,8612900,40.8105556,111.6522222
8870,CLIFTY CREEK,8627300,38.7383,-85.4192
3252,BAOTOU-2,8633600,40.6522222,109.8222222
4540,BIG BEND (645),8662100,27.7944,-82.4036
50845,ZAINSK SDEPS,8672600,55.319499,52.069416
48162,DR NARLA TATA RAO,8686800,16.1666667,81.1333333
44253,TAIZHOU-1,8696500,28.85,121.1166667
4544,BIG BROWN,8703800,31.8206,-96.0561
70896,NORTHEASTERN,8704900,36.4317,-95.7008
41004,SHENZHEN XIBU (MAWAN),8717000,22.54553766,114.0682983
50384,XUANWEI,8725200,26.2666667,104.0166667
50352,XINGTAI,8762800,37.0630556,114.4941667
36185,QIANXI,8766800,27.0380556,106.0255556
745,AL-QURAYYAH,8775100,25.740813,49.604396
41418,SHUANGYASHAN,8893000,46.56527778,131.6716667
22742,KONAKOVO GRES,8894800,57.213665,33.992167
41347,SHIZUISHAN-2,8904500,39.2333333,106.7694444
43629,SULTAN AZIZ (KAPAR),8920700,3.1333333,101.3833333
34885,PLANTA CENTRO,8975600,10.4888889,-68.2002778
39496,SANJAY GANDHI (BIRSINGPUR),8987500,23.5333333,80.8333333
71343,SPRINGERVILLE,9015700,34.3186,-109.1636
30912,NEURATH,9065000,51.05847857,6.582584716
17106,HATFIELDS FERRY POWER STATION,9065100,39.8562,-79.9274
27594,MATSUURA J-POWER,9068900,33.34423,129.707825
35866,PRUNEROV,9070000,50.41861111,13.25861111
29573,MOUNT PIPER,9136900,-33.3666667,150
13141,FARAKKA,9181900,24.8166667,87.9
28737,MITCHELL (3948),9193500,39.8297,-80.8153
27008,MANJUNG,9194100,4.1987,100.67
33587,PANSHAN,9203100,39.98194444,117.4611111
70983,CHESTERFIELD (3797),9224100,37.3822,-77.3833
49497,W H SAMMIS,9238600,40.5308,-80.6311
35634,PPL MONTOUR,9366100,41.0714,-76.6672
6796,CAMDEN,9377700,-26.5333333,29.9833333
30001,MUSKOGEE,9379700,35.7617,-95.2847
38353,RYAZAN SDPP,9401700,54.03444444,39.7775
16862,HARAMACHI,9441300,37.6333333,140.9666667
14890,GENESEE,9489700,53.344,-114.305
20268,J H CAMPBELL,9559000,42.9103,-86.2036
1577,ANGUL SMELTER,9562900,20.85,85.1
10132,DAMAVAND,9565600,35.468115,52.351967
29582,MT STORM,9612500,39.2014,-79.2667
27274,MARITZA EAST-2,9630000,42.25642,26.132015
18673,HUANENG YIMIN,9635700,48.55027778,119.7777778
21291,KARDIA,9650000,40.407152,21.788378
9617,CRAIG (6021),9652800,40.4627,-107.5912
17274,HEBI FENGHE,9685600,35.8991667,114.1925
50214,WUSHASHAN,9701600,29.50611111,121.6641667
37643,R M SCHAHFER,9806700,41.2175,-87.0239
10864,DINGZHOU,9845700,38.5130556,114.9955556
18685,HUANGHUA CANGZHOU,9848900,38.3166667,116.8666667
21931,KEYSTONE (3136),9856100,40.6604,-79.3411
23684,LA CYGNE,9860500,38.3472,-94.6389
34693,PINGWEI,9884600,32.68416667,116.9013889
3938,BELLE RIVER,9887200,42.7748,-82.4945
45835,TONGLIAO,9892100,43.6125,122.265278
736,AL-MUSSAIB,9905200,32.783315,44.282512
20782,KAHALGAON,9909800,25.24277778,87.26333333
20324,JIAXING,9922000,30.62972222,121.1461111
44647,TARONG,9964900,-26.6666667,152
16979,HARRISON POWER STATION,9966500,39.3844,-80.3325
41255,SHINCHI,9980000,37.7928325,140.9294055
43061,STANWELL,10013000,-23.3833333,150.5
18853,HUNTER,10062000,39.1747,-111.0289
37938,ROPAR,10086000,30.9663889,76.5330556
51375,ZHENENG LANXI,10144000,29.21946,119.476953
18622,HUAINAN LUOHE,10230000,32.68527778,117.0777778
48883,WANGQU,10259000,36.331389,113.224444
62715,ZHENENG YUEQING,10269000,27.985,120.9636111
10037,DAIHAI,10271000,40.521111,112.493056
45412,TIELING,10278000,42.2930556,123.8413889
10692,DEZHOU (HUALU),10279000,37.45194444,116.2430556
20287,JIANBI,10294000,32.18166667,119.5763889
50558,YANGZHOU-2,10295000,32.27,119.4219444
35602,POWERTON,10336000,40.5408,-89.6786
36196,HUANENG QINBEI,10338000,35.09,112.58
13281,FENGCHENG,10428000,28.19583333,115.7086111
3427,BARRY,10436000,31.0069,-88.0103
50541,YANGLUO,10463000,30.69388889,114.5430556
34687,PINGLIANG,10537000,35.5391667,106.6861111
50324,XIBAIPO,10577000,38.24583333,114.2191667
14952,GERALD GENTLEMAN,10582000,41.0808,-101.1408
33567,PANIPAT,10586000,29.3888889,76.9680556
44057,SYRDARYA,10672000,39.9666667,64.4666667
40231,SCHWARZE PUMPE,10700000,51.53537295,14.35383702
7102,CARDINAL,10710000,40.2522,-80.6486
36452,RAICHUR,10715000,16.2,77.3666667
50446,YALLOURN,10724000,-38.1833333,146.3333333
28472,MILL CREEK (1364),10769000,38.0531,-85.91
20385,JINJIE,10775000,39.950075,113.956632
48855,WANAKBORI,10887000,22.75,72.6833333
23176,KRYVORIZKA,10890000,47.566589,33.650501
22994,KOZIENICE,10900000,51.664722,21.466666
51229,ZHANGJIAKOU,10925000,40.65777778,114.945
40832,SHALINGZI,10925000,40.6608333,114.91
16146,GUANGAN,10959000,30.52805556,106.8261111
8928,COAL CREEK,10987000,47.3761,-101.1567
51300,YUANBAOSHAN,11083000,42.30333333,119.3291667
70447,CRYSTAL RIVER,11086000,28.9575,-82.69833333
20304,JIANGYIN,11115000,31.928249,120.312567
15208,GLADSTONE (AU),11140000,-23.85,151.25
18667,HUANENG SHANG'AN,11165000,38.0413889,114.4786111
49156,WEIHE-2,11204000,36.2166667,110.5
18227,HOMER CITY STATION,11228000,40.511,-79.1968
18674,HUANENG YINGKOU,11270000,40.30472222,122.1047222
9217,CONEMAUGH,11287000,40.3842,-79.0611
49546,WHITE BLUFF,11395000,34.4236,-92.1392
14390,FUTTSU,11461000,35.3052778,139.8186111
34333,AES PETERSBURG,11482000,38.5267,-87.2525
49218,WELSH,11542000,33.0583,-94.844
9542,WALTER SCOTT JR ENERGY CENTER,11576000,41.18,-95.8408
27354,MARSHALL (2727),11601000,35.5975,-80.9658
24303,LAMMA,11611000,25.07777778,121.5238889
46668,TUROW,11700000,50.948611,14.913056
43850,SURGUT-1,11737000,56.062608,78.718335
18663,HUANENG LUOHUANG,11739000,29.34861111,106.4347222
13201,FAYETTE POWER PROJECT,12058000,29.9172,-96.7506
19302,INDEPENDENCE (6641),12122000,35.6733,-91.4083
15039,GHENT,12185000,38.7497,-85.035
15036,GHAZLAN,12335000,26.6438889,50.1591667
24491,LARAMIE RIVER STATION,12365000,42.1264,-104.9242
44234,GUOHUA TAISHAN,12394000,24.310278,114.886667
19454,INTERMOUNTAIN POWER PROJECT,12481000,39.5108,-112.5792
25273,LIMESTONE,12750000,31.4219,-96.2525
34320,PETACALCO,12757000,18.1333333,-101.6666667
25377,LIPPENDORF,12800000,51.18323022,12.37172834
398,AGIOS DIMITRIOS,12900000,40.392099,21.929411
13225,BRINDISI SUD,13000000,40.563889,18.032222
4546,BIG CAJUN 2,13011000,30.7261,-91.3669
3002,BALDWIN ENERGY COMPLEX,13037000,38.205,-89.855
22899,KOSTROMA SDPP,13063000,57.439307,41.155532
39239,SAN JUAN (US),13081000,36.8006,-108.4386
17469,HENDRINA,13114000,-26.03305556,29.6
20468,JOHN E AMOS,13340000,38.4731,-81.8233
3893,BELEWS CREEK,13388000,36.2811,-80.0603
38298,RUTENBERG,13398000,31.6666667,34.5833333
25185,LIDDELL,13399000,-32.37388889,150.9777778
2089,ARNOT,13604000,-25.94388889,29.78944444
12646,ERMAKOV,13715000,52.0333333,76.9166667
7401,CASTLE PEAK,13721000,22.37555556,113.92
36960,REFTINSKAYA SDPP,14043000,57.10666667,61.71166667
33633,PARADISE,14207000,37.2608,-86.9783
9711,CROSS,14257000,33.3692,-80.1119
43725,SUNDANCE (AB),14386000,53.5075,-114.5572222
18542,HOUSHI,14396000,24.30305556,118.1263889
52280,DATONG-2,14602000,40.02888889,113.2936111
71040,COLSTRIP,14725000,45.8831,-106.614
41741,SINGRAULI,14756000,24.10444444,82.7075
20432,J M STUART,14863000,38.6361,-83.6939
9839,CUMBERLAND (3399),14915000,36.3903,-87.6539
26026,LOY YANG A,14938000,-38.25444444,146.5769444
37326,RIHAND,14944000,24.0275,82.79111111
38126,ROXBORO,15033000,36.4833,-79.0731
71039,JEFFREY ENERGY CENTER,15036000,39.2825,-96.1153
46619,TUOKETUO-1,15099000,40.19694444,111.3644444
50534,YANGCHENG,15107000,35.46972222,112.5780556
5476,BOXBERG,15300000,51.41885253,14.57435685
7886,CHANDRAPUR,15308000,20.00666667,79.28916667
20344,JIM BRIDGER,15817000,41.7378,-108.7875
13905,FOUR CORNERS,15851000,36.69,-108.4814
30650,NAVAJO,16088000,36.9047,-111.3886
22823,KORBA STPS,16172000,22.0833333,82.15
25221,LIGANG,16389000,31.93944444,120.0816667
41026,SHERBURNE COUNTY,16477000,45.3792,-93.8958
5958,BRUCE MANSFIELD,16746000,40.6344,-80.42
43851,SURGUT-2,16890000,56.062608,78.718335
26539,MAE MOH,16924000,18.275611,99.650445
23096,KRIEL,16961000,-26.25416667,29.17944444
31278,NINGHAI,17264000,29.48777778,121.5094444
29270,MONTICELLO (6147),17448000,33.0917,-95.0417
51215,YONGHUNGDO,17599000,37.264444,126.469722
18676,HUANENG YUHUAN,17797000,28.11583333,121.1377778
31240,NIKOLA TESLA,18211000,44.65485587,20.2001667
23954,LABADIE,18350000,38.5583,-90.8361
37759,ROCKPORT (6166),18454000,37.9256,-87.0372
51316,ZOUXIAN,18527000,35.32666667,116.9338889
29100,MONROE (1733),18658000,41.8917,-83.3461
17371,HEKINAN,18664000,34.8833333,136.9833333
14748,GENERAL JAMES M GAVIN,18798000,38.9347,-82.1158
15060,GIBSON,19101000,38.3722,-87.7661
49187,WEISWEILER,19200000,50.8331277,6.314631688
27383,MARTIN LAKE,19299000,32.2597,-94.5703
3667,BAYSWATER,19401000,-32.39583333,150.9491667
36523,RAMAGUNDAM,19417000,18.75861111,79.45472222
43839,SURALAYA,19517000,-5.891908333,106.0312
2702,AZ-ZOUR SOUTH,19575000,29.4425,48.2747222
12587,ERARING,19799000,-33.06222222,151.5202778
48638,W A PARISH,20095000,29.4828,-95.6311
3846,BEILUN,20148000,29.94055556,121.8133333
46691,TUTUKA,20333000,-26.77861111,29.35194444
11290,DRAX,20500000,53.73638889,-0.998055556
5461,BOWEN,20566000,34.1256,-84.9192
48705,WAIGAOQIAO,21161000,31.35583333,121.5972222
44357,TALCHER KANIHA,21227000,21.09694444,85.075
27549,MATLA,21531000,-26.2825,29.14083333
11555,DUVHA,22026000,-25.96388889,29.33722222
28493,JAMES H MILLER JR,22152000,33.6319,-87.0597
31075,NEYVELI,23120000,11.5333333,79.4833333
26695,MAJUBA,23412000,-27.10055556,29.77138889
20075,JANSCHWALDE,23600000,51.83472222,14.46027778
40093,SCHERER,23861000,33.0583,-83.8072
25054,LETHABO,23989000,-26.74194444,27.9775
11977,EKIBASTUZ-1,24076000,51.88666667,75.37527778
39012,SAMCHONPO,24113000,34.91027778,128.1091667
27542,MATIMBA,24182000,-23.66833333,27.61055556
21779,KENDAL,24652000,-26.09,28.97138889
48330,VINDHYACHAL,24812000,24.09805556,82.67166667
26650,MAILIAO FP,25304000,23.749444,120.254722
31142,NIEDERAUSSEM,26300000,50.99555556,6.669166667
16468,HADONG,28719000,34.95055556,127.8219444
44498,DANGJIN,29046000,36.8944444,126.6297222
3873,BELCHATOW,29500000,51.26638889,19.33055556
44146,TAEAN,30347000,36.75639,126.29778
35511,PORYONG,32823000,36.40166667,126.4916667
44204,TAICHUNG,36336000,24.21277778,120.4811111